Barcode	Human
AAACGAACACGGCTAC.1	Yes
AAAGAACAGTTCACTG.1	Yes
AAAGTCCGTGGATCAG.1	Yes
AAAGTGATCGTGGTAT.1	Yes
AAATGGAGTATGCGTT.1	Yes
AAATGGAGTGAGATCG.1	Yes
AACAAAGGTCTAACTG.1	Yes
AACACACCACACCTTC.1	Yes
AACAGGGCACAGTGAG.1	Yes
AACCATGTCAAAGGTA.1	Yes
AACCCAACACCTGAAT.1	Yes
AACCTTTGTCCACACG.1	Yes
AACGAAACACACAGCC.1	Yes
AACTTCTAGGGCGAAG.1	Yes
AACTTCTCAAACACCT.1	Yes
AAGACAATCACACCGG.1	Yes
AAGATAGCACCGTGCA.1	Yes
AAGCATCTCGGCCCAA.1	Yes
AAGCATCTCTCTGCTG.1	Yes
AAGCGAGAGTCCTGCG.1	Yes
AAGGAATTCTCAACCC.1	Yes
AAGGTAAAGAATAGTC.1	Yes
AAGGTAAGTACCGTCG.1	Yes
AAGGTAATCCGCGAGT.1	Yes
AAGTGAAGTGAGTAAT.1	Yes
AATGAAGCACAGTCCG.1	Yes
AATGCCACACCCTTAC.1	Yes
AATTCCTCACTTTAGG.1	Yes
AATTCCTTCAGGGTAG.1	Yes
ACAAAGAGTACGCTTA.1	Yes
ACACAGTGTACCCGCA.1	Yes
ACACAGTGTCTTTCAT.1	Yes
ACACAGTTCCACCTGT.1	Yes
ACACCAAAGTGCACAG.1	Yes
ACATCCCTCTCAACGA.1	Yes
ACATCGACACCAGTAT.1	Yes
ACATGCATCAACTGGT.1	Yes
ACCAAACAGAAGCGAA.1	Yes
ACCAAACAGCCGTCGT.1	Yes
ACCCTCACACCTGCTT.1	Yes
ACCCTCAGTGCCCTTT.1	Yes
ACCGTTCGTCAAGCCC.1	Yes
ACCTACCGTAGTGCGA.1	Yes
ACGATCAAGGACATCG.1	Yes
ACGGAAGGTCTGTTAG.1	Yes
ACGGGTCGTCAAATCC.1	Yes
ACGGTCGAGCGAACTG.1	Yes
ACGGTCGGTCTGCCTT.1	Yes
ACTGCAAAGGTAACTA.1	Yes
ACTGCAACACAAAGTA.1	Yes
ACTGCAACAGGGCTTC.1	Yes
ACTGTGAAGCCGATAG.1	Yes
ACTTAGGAGACTTCGT.1	Yes
ACTTAGGAGTCAACAA.1	Yes
ACTTATCAGTAAACAC.1	Yes
ACTTTCACATGAAGCG.1	Yes
ACTTTGTAGAGTCACG.1	Yes
AGAAATGAGGTTAAAC.1	Yes
AGAACAATCCGGGACT.1	Yes
AGAAGCGGTGGCAACA.1	Yes
AGAAGTAAGTTGTCAC.1	Yes
AGAAGTAGTGACTGAG.1	Yes
AGAAGTATCGATGGAG.1	Yes
AGACAAATCCTTATCA.1	Yes
AGACACTGTATGATCC.1	Yes
AGACAGGGTCTGGTTA.1	Yes
AGACAGGTCCAAGGGA.1	Yes
AGACCATTCCTTCACG.1	Yes
AGACCCGTCCTTCTTC.1	Yes
AGACTCAGTCGAAGCA.1	Yes
AGATCCAGTTGGAGGT.1	Yes
AGATGCTGTGCGTCGT.1	Yes
AGCCAATTCCCGAATA.1	Yes
AGCGATTTCAGCATTG.1	Yes
AGCGCCAAGTTCTACG.1	Yes
AGCGCTGTCCTGGCTT.1	Yes
AGCGTCGCATCATCTT.1	Yes
AGCTACACAATACAGA.1	Yes
AGCTACACATGACAAA.1	Yes
AGCTCAAAGGCCTTCG.1	Yes
AGGACGAGTATCCCTC.1	Yes
AGGACTTGTGACTAAA.1	Yes
AGGAGGTAGTTCATGC.1	Yes
AGGCTGCTCAGACTGT.1	Yes
AGGTGTTGTGCTGATT.1	Yes
AGGTTACAGGACAGTC.1	Yes
AGTAACCAGTAGACAT.1	Yes
AGTAACCCACGTACAT.1	Yes
AGTACCACACGACTAT.1	Yes
AGTAGCTAGAAGGGAT.1	Yes
AGTAGCTGTTCCGCGA.1	Yes
AGTAGTCCATCATTTC.1	Yes
AGTCAACTCGTGTCAA.1	Yes
AGTCACAGTAGACAGC.1	Yes
AGTGACTGTGAACTAA.1	Yes
AGTGTTGCAAGCCATT.1	Yes
AGTGTTGCAGGAGGAG.1	Yes
AGTTCCCGTAACGCGA.1	Yes
ATACTTCGTCCCTGTT.1	Yes
ATAGACCCAACCGCCA.1	Yes
ATAGACCCACCCTAAA.1	Yes
ATCACGAGTCGCTTGG.1	Yes
ATCACGAGTCGGAAAC.1	Yes
ATCACGAGTGGTCTCG.1	Yes
ATCACGATCGCAGATT.1	Yes
ATCAGGTTCACGTAGT.1	Yes
ATCCACCAGAGGACTC.1	Yes
ATCGATGTCCTACCGT.1	Yes
ATCGCCTAGAGCGACT.1	Yes
ATCGGATGTCGTATTG.1	Yes
ATCGGCGAGAATCGAT.1	Yes
ATCGGCGCAAATGAAC.1	Yes
ATCGTCCTCCCTCTAG.1	Yes
ATCGTGACAGTGGGTA.1	Yes
ATCTCTAAGTTTCAGC.1	Yes
ATCTTCATCGGCATCG.1	Yes
ATCTTCATCTCTAAGG.1	Yes
ATGACCATCTCCATAT.1	Yes
ATGGAGGAGCGGGTAT.1	Yes
ATGGAGGTCCTACGAA.1	Yes
ATGGGAGCATTGCAAC.1	Yes
ATGGGTTTCGACCTAA.1	Yes
ATGTCCCAGTGCAAAT.1	Yes
ATGTCTTCAATTGCTG.1	Yes
ATTCACTAGAATACAC.1	Yes
ATTCAGGCACATTCTT.1	Yes
ATTCAGGGTATTGCCA.1	Yes
ATTCATCTCTCTCGCA.1	Yes
ATTCCATCACATGGTT.1	Yes
ATTCTACCAAACGTGG.1	Yes
ATTCTACCAAGTTGGG.1	Yes
ATTCTACTCAACTGAC.1	Yes
ATTTCACAGACGGATC.1	Yes
ATTTCACTCTGCACCT.1	Yes
ATTTCTGGTATTAAGG.1	Yes
CAACAACTCTAGTGTG.1	Yes
CAACAGTGTCGCACAC.1	Yes
CAACCAAAGATAACGT.1	Yes
CAACCAATCGAACCAT.1	Yes
CAAGAGGAGATAGGGA.1	Yes
CAAGAGGAGGGAGTTC.1	Yes
CAAGAGGTCGTGGCTG.1	Yes
CAAGCTACACCTAAAC.1	Yes
CAAGCTAGTACCGCGT.1	Yes
CAATACGTCTGGCCGA.1	Yes
CAATGACGTCACTGAT.1	Yes
CAATTTCTCGACACCG.1	Yes
CACAACACACGTAACT.1	Yes
CACACAACACGGCACT.1	Yes
CACAGATAGACATAAC.1	Yes
CACAGATGTCAATCTG.1	Yes
CACAGGCGTTGGCCTG.1	Yes
CACAGGCTCTAGTGAC.1	Yes
CACATGAAGGCAGGTT.1	Yes
CACCAAAAGCGTGCTC.1	Yes
CACCGTTAGCATGAAT.1	Yes
CACGGGTCACGGTAGA.1	Yes
CACGTGGAGTTTCAGC.1	Yes
CACGTGGGTCTACGAT.1	Yes
CACTAAGAGCGCTGCT.1	Yes
CACTGAAGTTACACTG.1	Yes
CACTGTCAGGACGGAG.1	Yes
CACTGTCCAGGTTCCG.1	Yes
CAGAGCCGTCAGACGA.1	Yes
CAGTGCGTCGTCAACA.1	Yes
CATAAGCTCTCAAAGC.1	Yes
CATACAGCACGCTTAA.1	Yes
CATCCACAGACAACTA.1	Yes
CATCCCACAGTAACGG.1	Yes
CATCCCAGTTGCATCA.1	Yes
CATCCGTGTATCAAGA.1	Yes
CATCGCTTCATTGAGC.1	Yes
CATCGTCGTGTTCAGT.1	Yes
CATGAGTTCCCTCGTA.1	Yes
CATGCGGAGCCTGTGC.1	Yes
CATGCGGGTGAGTTGG.1	Yes
CATGCTCAGAAGCGCT.1	Yes
CATGCTCCAAAGGTTA.1	Yes
CATGCTCTCCGCTAGG.1	Yes
CATGCTCTCCGGCAGT.1	Yes
CATGGATCACGAAGAC.1	Yes
CATTCATTCATTGCCC.1	Yes
CATTCTATCGCACTCT.1	Yes
CATTGAGAGATTGTGA.1	Yes
CATTGAGGTCCAATCA.1	Yes
CATTGCCTCATTACCT.1	Yes
CCACAAACACAAGCAG.1	Yes
CCACTTGAGAAACTGT.1	Yes
CCATAAGAGGTTTGAA.1	Yes
CCATCACTCTTACACT.1	Yes
CCCAACTAGCATGCGA.1	Yes
CCCAACTAGGCTGTAG.1	Yes
CCCAACTCATGAAAGT.1	Yes
CCCTCAAAGCAGAAAG.1	Yes
CCCTCAACAAATCGTC.1	Yes
CCCTGATTCTAGGAAA.1	Yes
CCGAACGGTAGTGATA.1	Yes
CCGGGTATCTCGACCT.1	Yes
CCGGTAGCAACTGATC.1	Yes
CCGGTAGTCTGTCGTC.1	Yes
CCTCAACGTCGTCAGC.1	Yes
CCTCACACATGTGTCA.1	Yes
CCTCAGTAGGATCATA.1	Yes
CCTCAGTGTCATCCGG.1	Yes
CCTCCAAAGTCGGCAA.1	Yes
CCTGTTGCAGATGCGA.1	Yes
CCTGTTGTCCAATCTT.1	Yes
CCTTCAGCAATGCAAA.1	Yes
CCTTCAGTCTGCCTCA.1	Yes
CGACAGCAGCATGGGT.1	Yes
CGACAGCTCTGAGAAA.1	Yes
CGAGGCTAGCTACTGT.1	Yes
CGAGTGCGTCGATGCC.1	Yes
CGAGTTAAGTGAGGTC.1	Yes
CGATGCGCACATTCGA.1	Yes
CGCCATTCACAGTGAG.1	Yes
CGCGTGAGTATGACAA.1	Yes
CGGAGAATCGTGCAGC.1	Yes
CGGCAGTTCATGCGGC.1	Yes
CGGCAGTTCTATGCCC.1	Yes
CGGGACTCAAACGTGG.1	Yes
CGGGACTCAGACTCTA.1	Yes
CGGTCAGGTTGGACTT.1	Yes
CGTAAGTTCATGCTAG.1	Yes
CGTAATGCAGGTCTCG.1	Yes
CGTAGTAAGAGCAGTC.1	Yes
CGTCCATCATTACTCT.1	Yes
CGTCCATTCTGTGCGG.1	Yes
CGTGCTTGTAGGCTGA.1	Yes
CGTTCTGCAATTCTTC.1	Yes
CGTTCTGTCGGACAAG.1	Yes
CTACCCAAGGCCCAAA.1	Yes
CTACGGGAGCGATTCT.1	Yes
CTACTATAGACCTTTG.1	Yes
CTATCCGAGCTGACAG.1	Yes
CTATCTAGTCAGGCAA.1	Yes
CTCAATTTCCGCAAAT.1	Yes
CTCACTGCACAGCTTA.1	Yes
CTCAGTCGTACGATGG.1	Yes
CTCATCGAGGAGGGTG.1	Yes
CTCATGCAGAACAGGA.1	Yes
CTCCACACAACTGTGT.1	Yes
CTCCTTTGTTGTTGCA.1	Yes
CTCTGGTAGTAGTCTC.1	Yes
CTCTGGTGTTCAAGTC.1	Yes
CTGAATGAGGGTACGT.1	Yes
CTGAATGTCTAGAGCT.1	Yes
CTGATCCGTACTCGCG.1	Yes
CTGCAGGAGCAACAGC.1	Yes
CTGCAGGAGTAAGGGA.1	Yes
CTGCAGGGTAGTGGCA.1	Yes
CTGCCTAAGAACCCGA.1	Yes
CTGGACGGTTCCGTTC.1	Yes
CTGGACGTCAGAATAG.1	Yes
CTGGACGTCCCGTAAA.1	Yes
CTGGTCTTCTCTTCAA.1	Yes
CTGTACCCATGGGTTT.1	Yes
CTGTACCTCTGCTCTG.1	Yes
CTGTATTGTTCGGTCG.1	Yes
CTGTGGGGTACGGGAT.1	Yes
CTTCAATCACCCAACG.1	Yes
CTTCCGAAGTAACGTA.1	Yes
CTTCCTTGTGAGATAT.1	Yes
CTTCGGTCAGTGACCC.1	Yes
CTTGATTGTGTGTTTG.1	Yes
CTTTCAAAGCATCAGG.1	Yes
CTTTCAAGTCGGCTAC.1	Yes
CTTTCAATCAGACATC.1	Yes
CTTTCGGCACGCGTGT.1	Yes
CTTTCGGGTAGGATAT.1	Yes
CTTTCGGTCTGCCCTA.1	Yes
GAAACCTCAAGCCATT.1	Yes
GAACACTTCGAAACAA.1	Yes
GAAGCGAGTGAATGAT.1	Yes
GAAGGACAGTAGGTTA.1	Yes
GACCCAGGTAGCTCGC.1	Yes
GACCCTTGTCACTAGT.1	Yes
GACCGTGAGTACTGGG.1	Yes
GACCTTCAGCCGTCGT.1	Yes
GACGTTACATCCTTCG.1	Yes
GACTATGTCAAAGGAT.1	Yes
GACTCAAAGGTCCGAA.1	Yes
GACTCAAGTCACTCGG.1	Yes
GACTGATTCCGTGTCT.1	Yes
GAGAAATTCCACAAGT.1	Yes
GAGCCTGTCGTACCTC.1	Yes
GAGGCAAAGATGCTGG.1	Yes
GAGGCAACACCTGATA.1	Yes
GAGGGATTCTTACCGC.1	Yes
GAGTCATCAAGCAGGT.1	Yes
GAGTCATGTCAAATCC.1	Yes
GAGTCATTCCTGCCAT.1	Yes
GAGTCTACACTTGGGC.1	Yes
GAGTGAGTCAACTACG.1	Yes
GAGTGTTCATCCGGCA.1	Yes
GAGTGTTTCCTGGGTG.1	Yes
GAGTTGTTCACACCCT.1	Yes
GATAGCTTCGTGAGAG.1	Yes
GATCACAAGCAATAAC.1	Yes
GATCAGTTCCTGTACC.1	Yes
GATCATGTCACCTCTG.1	Yes
GATCGTAAGCAACTTC.1	Yes
GATGACTCAGGACGAT.1	Yes
GATGATCCATGATAGA.1	Yes
GATGCTAAGCTCCGAC.1	Yes
GATGGAGTCCCAGCGA.1	Yes
GATTCGATCTGTACAG.1	Yes
GATTGGTAGAAGCGAA.1	Yes
GATTTCTCAGAGAATT.1	Yes
GCAACATCAGAGATTA.1	Yes
GCACGGTAGAAGCCAC.1	Yes
GCACGGTGTTCTCCAC.1	Yes
GCAGGCTCAACGTTAC.1	Yes
GCATCGGGTTACACTG.1	Yes
GCATCTCCATCGGATT.1	Yes
GCATTAGTCATTCTTG.1	Yes
GCCAACGCATGGCACC.1	Yes
GCCATTCAGAACTGAT.1	Yes
GCCATTCCACCCTGTT.1	Yes
GCCGTGAGTCACTTAG.1	Yes
GCGATCGCAATTGCTG.1	Yes
GCGATCGTCGTGTCAA.1	Yes
GCGGAAAAGGAAGAAC.1	Yes
GCGGAAACATCCAATG.1	Yes
GCGGAAAGTTCTCACC.1	Yes
GCGGAAATCGTGGGTC.1	Yes
GCGGATCGTTTACACG.1	Yes
GCGGATCTCTAACGGT.1	Yes
GCGTGCAAGTTTCTTC.1	Yes
GCGTTTCAGGTGAGAA.1	Yes
GCTACCTGTACGACTT.1	Yes
GCTACCTTCGAGTCTA.1	Yes
GCTACCTTCGCAACAT.1	Yes
GCTGCAGAGTGCACCC.1	Yes
GCTGCAGCACGGGCTT.1	Yes
GCTGCAGTCTTCCCAG.1	Yes
GCTTCACCATAGAGGC.1	Yes
GCTTCACTCTTAGCCC.1	Yes
GCTTGGGTCGAACGGA.1	Yes
GGAACCCGTGGACAGT.1	Yes
GGAAGTGTCCTCACGT.1	Yes
GGAATCTAGTATGACA.1	Yes
GGAGATGGTCTTCTAT.1	Yes
GGAGGATCAGAGGTAC.1	Yes
GGCGTCATCCACTTTA.1	Yes
GGCTTGGCAGTCTACA.1	Yes
GGCTTTCGTCGTTGGC.1	Yes
GGGAAGTTCGCCTTGT.1	Yes
GGGACTCGTCACTAGT.1	Yes
GGGAGATAGCTAAGTA.1	Yes
GGGAGATGTATACGGG.1	Yes
GGGCCATTCATGTCTT.1	Yes
GGGTAGACACTCTAGA.1	Yes
GGGTGAATCGTGTGAT.1	Yes
GGTAACTCACGCTGCA.1	Yes
GGTAATCAGTCCTGCG.1	Yes
GGTAGAGAGCCGTCGT.1	Yes
GGTCACGCAGGTGTGA.1	Yes
GGTCTGGCAGCGTTTA.1	Yes
GGTGAAGCAAAGGGCT.1	Yes
GGTGATTAGAGTCCGA.1	Yes
GGTTCTCCAACTTGGT.1	Yes
GGTTGTACATCATTGG.1	Yes
GTAAGTCCACCAGTAT.1	Yes
GTACAGTAGACAAGCC.1	Yes
GTACAGTGTGGATCGA.1	Yes
GTAGAAATCTACCTTA.1	Yes
GTAGATCTCGCTACAA.1	Yes
GTAGCTAGTACGGCAA.1	Yes
GTATTGGCAGAAGCTG.1	Yes
GTATTTCTCGCCTTGT.1	Yes
GTCAAACCACACCTGG.1	Yes
GTCAAACCACTGAGGA.1	Yes
GTCAAACGTTGCTGAT.1	Yes
GTCAGCGGTGGCACTC.1	Yes
GTCCACTCATCCTTGC.1	Yes
GTCCCATCACATTCGA.1	Yes
GTCCCATCATGAAAGT.1	Yes
GTCGCGAGTCTCTCTG.1	Yes
GTCGTAAGTAGGTTTC.1	Yes
GTCTAGAAGTCAATCC.1	Yes
GTCTAGACATCGTGGC.1	Yes
GTCTCACCAACATACC.1	Yes
GTGAGCCTCGACACTA.1	Yes
GTGATGTCATACCACA.1	Yes
GTGCACGTCCTTGACC.1	Yes
GTGCTGGCATCCCACT.1	Yes
GTGCTTCCAACTCGAT.1	Yes
GTGCTTCGTACAGTCT.1	Yes
GTGGAAGGTGTTACTG.1	Yes
GTGGAGATCGTAGTGT.1	Yes
GTGGTTAAGTAACCGG.1	Yes
GTGTAACGTGGTAATA.1	Yes
GTGTGATAGCCTGACC.1	Yes
GTGTGGCAGGTCCTGC.1	Yes
GTGTGGCGTAAGCGGT.1	Yes
GTGTTAGGTAGCTTTG.1	Yes
GTGTTCCTCATGTCAG.1	Yes
GTTACCCGTACGCTTA.1	Yes
GTTACCCTCTTACACT.1	Yes
GTTACGACAACTGGTT.1	Yes
GTTAGACCAAGCCATT.1	Yes
GTTCCGTGTGCCGTTG.1	Yes
GTTCCGTTCGGACAAG.1	Yes
GTTGCGGCATCACGGC.1	Yes
GTTGTCCGTGCACATT.1	Yes
GTTGTGATCCTAGCTC.1	Yes
GTTTGGAAGGCTTCCG.1	Yes
GTTTGGACATACCAGT.1	Yes
GTTTGGAGTAACTGCT.1	Yes
TAACGACTCATTCTTG.1	Yes
TAACTTCCAAGGTCAG.1	Yes
TACAACGAGGATGTTA.1	Yes
TACAGGTTCCTCACGT.1	Yes
TACCCACCATACAGCT.1	Yes
TACCCGTAGCGATTCT.1	Yes
TACCGAATCTTCACAT.1	Yes
TACCGGGCATGCTGCG.1	Yes
TACGCTCGTTCTCGTC.1	Yes
TAGACCAAGAAGCGCT.1	Yes
TAGAGTCGTGAATAAC.1	Yes
TAGCACATCAGACATC.1	Yes
TAGCACATCGTAGTCA.1	Yes
TAGGTACTCAGAACCT.1	Yes
TATCGCCTCGCTGCGA.1	Yes
TATCTGTCAGCCGTTG.1	Yes
TATTGGGAGATAGTCA.1	Yes
TATTTCGGTCCGAAAG.1	Yes
TCACATTTCTCGGGAC.1	Yes
TCACTCGAGTGTGTTC.1	Yes
TCAGCAAGTAGGACCA.1	Yes
TCAGCAAGTCTATGAC.1	Yes
TCAGTCCAGTATGTAG.1	Yes
TCAGTCCCAGAAGTGC.1	Yes
TCATACTGTTAAGGAT.1	Yes
TCATACTTCCCGTTCA.1	Yes
TCATATCCAATCGCCG.1	Yes
TCATGAGTCACCCTTG.1	Yes
TCATGCCCAGCTTCCT.1	Yes
TCATTCACAAGGCTTT.1	Yes
TCATTTGCATTCTCCG.1	Yes
TCATTTGGTGATAGTA.1	Yes
TCATTTGTCCGAAATC.1	Yes
TCCACCAGTGCCTTCT.1	Yes
TCCAGAAAGAGAGCAA.1	Yes
TCCATCGCACACCTTC.1	Yes
TCCATCGTCATCTATC.1	Yes
TCCATCGTCGAAGCCC.1	Yes
TCCATGCGTAGCGAGT.1	Yes
TCCATGCTCGAGATGG.1	Yes
TCCGAAACAAGCAGGT.1	Yes
TCCGATCGTAGTCGGA.1	Yes
TCCGATCGTTGTCCCT.1	Yes
TCCGATCTCCGAACGC.1	Yes
TCCTCCCCATGGAACG.1	Yes
TCCTCTTAGGAGAGGC.1	Yes
TCCTCTTTCGACTCCT.1	Yes
TCCTGCACACGGATCC.1	Yes
TCCTGCAGTATGGGAC.1	Yes
TCCTTTCGTATCCTTT.1	Yes
TCGAAGTGTCCGTACG.1	Yes
TCGACCTAGTTTCTTC.1	Yes
TCGACCTGTTAAGTCC.1	Yes
TCGCTTGTCTCCTGTG.1	Yes
TCGGGCACAAATGAAC.1	Yes
TCGGGTGGTTCGGTAT.1	Yes
TCGGTCTTCCCATAAG.1	Yes
TCGTAGAAGAGGTCAC.1	Yes
TCGTGGGGTGTCATGT.1	Yes
TCGTGGGTCCGATGCG.1	Yes
TCTAACTCACCCTTGT.1	Yes
TCTACATAGTCACTCA.1	Yes
TCTACATGTAACTGCT.1	Yes
TCTATCAAGAGCCCAA.1	Yes
TCTCTGGCATAATCGC.1	Yes
TCTGCCAAGCGTATGG.1	Yes
TCTGGCTCATCGAGCC.1	Yes
TCTGTCGAGAGAGCCT.1	Yes
TCTTAGTAGAATTGCA.1	Yes
TCTTGCGCATTGGCAT.1	Yes
TCTTGCGGTGGATACG.1	Yes
TGAATCGCACGGGCTT.1	Yes
TGACCCTGTCTAGATC.1	Yes
TGACCCTTCGAAATCC.1	Yes
TGAGACTAGCGTATGG.1	Yes
TGAGACTAGGAGAGGC.1	Yes
TGATCTTAGACCACGA.1	Yes
TGATTCTCACATGAAA.1	Yes
TGATTCTGTTCAGTAC.1	Yes
TGCACGGGTGTCACAT.1	Yes
TGCGGCATCATCGTAG.1	Yes
TGCTTCGTCTCCCATG.1	Yes
TGGAACTGTTTGCCGG.1	Yes
TGGAGAGGTCGCTCGA.1	Yes
TGGAGAGTCCCAGGCA.1	Yes
TGGATCACACGACGTC.1	Yes
TGGCGTGAGCCGTCGT.1	Yes
TGGCGTGGTATACCTG.1	Yes
TGGGCTGAGAACAGGA.1	Yes
TGGGTTACAAGAATAC.1	Yes
TGGGTTAGTATTTCCT.1	Yes
TGGTAGTGTATGAAAC.1	Yes
TGGTTAGCACTAGTAC.1	Yes
TGGTTAGTCTTTCGAT.1	Yes
TGTAACGCAAGCGAAC.1	Yes
TGTAAGCTCGGACTTA.1	Yes
TGTACAGCATCGATGT.1	Yes
TGTAGACCATCGGTTA.1	Yes
TGTCAGATCTCAACGA.1	Yes
TGTCCCACACATGACT.1	Yes
TGTCCCAGTTGTATGC.1	Yes
TGTGCGGGTGGCATCC.1	Yes
TGTTGAGCACCATTCC.1	Yes
TGTTGAGTCATCCTAT.1	Yes
TGTTTGTCAAGTGCTT.1	Yes
TGTTTGTCACGAGGTA.1	Yes
TTAATCCCACAAGTGG.1	Yes
TTAATCCTCTCCATAT.1	Yes
TTACCGCAGTAAGAGG.1	Yes
TTACGTTTCTCCTACG.1	Yes
TTAGGCACAACGGTAG.1	Yes
TTAGGCAGTAATCAGA.1	Yes
TTCACGCAGCCAGTAG.1	Yes
TTCACGCGTCCGGTGT.1	Yes
TTCATGTCAGCATGCC.1	Yes
TTCCGTGCAACCCTAA.1	Yes
TTCCTAAGTAGGTAGC.1	Yes
TTCCTCTAGTTCCAGT.1	Yes
TTCGATTAGGCTCTCG.1	Yes
TTCGCTGCACTGCGTG.1	Yes
TTCTCTCCAACCGTGC.1	Yes
TTCTTCCGTAACTGCT.1	Yes
TTCTTGACACTGCGTG.1	Yes
TTGACCCAGCGTTGTT.1	Yes
TTGACCCAGTTGGACG.1	Yes
TTGCATTAGCTCTTCC.1	Yes
TTGCATTAGGGAGGAC.1	Yes
TTGCCTGGTAGACACG.1	Yes
TTGCTGCGTGACATCT.1	Yes
TTGGATGTCAAGGACG.1	Yes
TTGGTTTGTGCATGAG.1	Yes
TTGTGGAAGCGCTGAA.1	Yes
TTGTGGAGTACTGGGA.1	Yes
TTGTGTTGTTCGGCTG.1	Yes
TTGTGTTTCGGACAAG.1	Yes
TTGTTTGCACCTAAAC.1	Yes
TTGTTTGGTGTGTGGA.1	Yes
TTTACGTCATTGCTTT.1	Yes
TTTACGTGTCTGTGTA.1	Yes
TTTCATGGTGCCTTCT.1	Yes
TTTCGATAGGATGTTA.1	Yes
TTTGGTTGTTATAGCC.1	Yes
AAAGGGCAGGGCATGT.1	Yes
AAAGGTAAGGATTACA.1	Yes
AAAGGTATCCGCAACG.1	Yes
AAAGTCCCAGCGGTCT.1	Yes
AACAACCCATTGAAGA.1	Yes
AACAAGACACGACAAG.1	Yes
AACACACAGTAGTCTC.1	Yes
AACACACGTAGCGTCC.1	Yes
AACCACAAGATCCCGC.1	Yes
AACCACACATGTGACT.1	Yes
AACCACAGTGCGGTAA.1	Yes
AACCTGAAGCTGAAGC.1	Yes
AACCTTTAGCCTAACT.1	Yes
AACGAAAAGGTAGATT.1	Yes
AACGGGATCCTTTAGT.1	Yes
AACTTCTAGGTACCTT.1	Yes
AACTTCTCAAAGGCGT.1	Yes
AAGAACAAGTGCAACG.1	Yes
AAGAACACACTTGGGC.1	Yes
AAGATAGAGTACCCTA.1	Yes
AAGCCATTCGAATCCA.1	Yes
AAGCGTTCAGACCTAT.1	Yes
AAGGAATGTCAGACGA.1	Yes
AAGGAATGTCCTTAAG.1	Yes
AAGTACCAGACTTCAC.1	Yes
AAGTGAAAGGAGTCTG.1	Yes
AAGTGAAAGGCGCTCT.1	Yes
AAGTTCGAGGTATCTC.1	Yes
AATCGACCACGCACCA.1	Yes
AATCGTGAGGTGCCTC.1	Yes
AATCGTGGTACCCGCA.1	Yes
AATGAAGTCCCGAGGT.1	Yes
AATGACCCATCGCTGG.1	Yes
AATGCCACAGAGTGTG.1	Yes
AATTTCCGTACCAGAG.1	Yes
ACAACCACATCCGCGA.1	Yes
ACACAGTAGGCTCACC.1	Yes
ACACGCGAGTAGTCAA.1	Yes
ACAGAAATCCCTTGTG.1	Yes
ACAGCCGCACCGGCTA.1	Yes
ACATCCCTCCGATAAC.1	Yes
ACCATTTTCTATCACT.1	Yes
ACCCAAAGTGAGTTTC.1	Yes
ACCCAAAGTGGTATGG.1	Yes
ACCCTCACATCGGAAG.1	Yes
ACCCTCAGTGGATACG.1	Yes
ACCCTTGAGTTCCATG.1	Yes
ACCCTTGTCTGCGGGT.1	Yes
ACCTGTCCAATCCAGT.1	Yes
ACCTGTCGTCGTCAGC.1	Yes
ACCTGTCTCTAATTCC.1	Yes
ACCTGTCTCTGCTGAA.1	Yes
ACGATGTTCGCCCAGA.1	Yes
ACGGTTAAGACTTCAC.1	Yes
ACGTACAAGTATTAGG.1	Yes
ACTATTCTCGTCCATC.1	Yes
ACTGCAACAATCCTAG.1	Yes
ACTGTCCGTACGGGAT.1	Yes
ACTGTCCTCAATGTCG.1	Yes
ACTTATCTCGTGGTAT.1	Yes
ACTTCCGTCCGGTAGC.1	Yes
ACTTCCGTCCGTATGA.1	Yes
ACTTTCAAGCGAAACC.1	Yes
ACTTTCAGTACAGTCT.1	Yes
AGAACCTCATTGAGCT.1	Yes
AGAACCTTCTGTCCGT.1	Yes
AGAAGCGCATGCCGCA.1	Yes
AGACAAAGTCTGTCCT.1	Yes
AGACAAATCCAGCACG.1	Yes
AGACCATTCAACACGT.1	Yes
AGAGAATTCGGCATTA.1	Yes
AGATCCATCACGATAC.1	Yes
AGATCGTTCATTACGG.1	Yes
AGATGCTCAAACTAGA.1	Yes
AGATGCTTCCGTCAAA.1	Yes
AGCATCAAGCTACTAC.1	Yes
AGCGCTGGTTACGATC.1	Yes
AGCTACAAGCTCCGAC.1	Yes
AGCTCAAGTTCGGCGT.1	Yes
AGCTTCCTCGCATAGT.1	Yes
AGGAAATGTCAGACTT.1	Yes
AGGAATACACCTCGTT.1	Yes
AGGACGAGTGCCTGAC.1	Yes
AGGACTTAGTCACACT.1	Yes
AGGACTTTCGCTGATA.1	Yes
AGGAGGTCACGAAAGC.1	Yes
AGGCTGCTCTACCAGA.1	Yes
AGGGAGTAGAAATCCA.1	Yes
AGGGTTTGTGCACGCT.1	Yes
AGGTTACTCTGCTGAA.1	Yes
AGTAACCTCGTGTTCC.1	Yes
AGTACCAAGGATCACG.1	Yes
AGTACTGAGCTGGAGT.1	Yes
AGTCATGGTGCCCAGT.1	Yes
AGTGATCTCTTGGCTC.1	Yes
AGTGTTGAGATAACAC.1	Yes
AGTGTTGCAGTTAGAA.1	Yes
AGTGTTGTCGCGGACT.1	Yes
AGTTAGCAGCTCGGCT.1	Yes
AGTTAGCCATTCACCC.1	Yes
AGTTCCCCAGTAGAGC.1	Yes
AGTTCGACATGTCAGT.1	Yes
ATACCGACATCGATAC.1	Yes
ATACCGATCGACGAGA.1	Yes
ATACCTTCAGTCTACA.1	Yes
ATACTTCAGCCGATTT.1	Yes
ATACTTCTCAGAGTTC.1	Yes
ATCACAGAGACTTCGT.1	Yes
ATCACAGTCAAGGCTT.1	Yes
ATCACTTTCTGTCGCT.1	Yes
ATCATTCTCTCGCAGG.1	Yes
ATCCACCCACTCCGGA.1	Yes
ATCCATTCAGAATCGG.1	Yes
ATCCCTGTCTGTCGCT.1	Yes
ATCCGTCGTGCGTTTA.1	Yes
ATCGCCTGTGAGCGAT.1	Yes
ATCGCCTTCGAACGGA.1	Yes
ATCGGATCACCTGATA.1	Yes
ATCGGCGAGACGCATG.1	Yes
ATCGTAGGTCGACGCT.1	Yes
ATCTCTATCACACCGG.1	Yes
ATGAAAGAGCACAAAT.1	Yes
ATGAGGGAGATGCTAA.1	Yes
ATGGGAGCAAGTGTCT.1	Yes
ATGGTTGGTAGGCTCC.1	Yes
ATTCCCGTCTGTTGGA.1	Yes
ATTCTACAGGCATCAG.1	Yes
ATTCTACGTCGGCTAC.1	Yes
ATTGGGTAGAGCCATG.1	Yes
ATTTACCGTGAGCTCC.1	Yes
ATTTCACCAGGTACGA.1	Yes
ATTTCACGTAGACGTG.1	Yes
ATTTCACGTCGTTGGC.1	Yes
CAAAGAACAGTAACGG.1	Yes
CAAAGAATCCTGCTAC.1	Yes
CAAAGAATCTCCAATT.1	Yes
CAACAGTAGATAGCAT.1	Yes
CAACGATAGCACAAAT.1	Yes
CAAGACTAGTCGAAAT.1	Yes
CAAGCTAGTGTATCCA.1	Yes
CAAGGGATCTGTCGCT.1	Yes
CAATACGAGTCCCAAT.1	Yes
CAATTTCTCACCGCTT.1	Yes
CACAGATGTGGCTGCT.1	Yes
CACATGATCTCAATCT.1	Yes
CACGAATTCCAGCACG.1	Yes
CACGGGTCAGTAGGAC.1	Yes
CACGTTCCATTCGATG.1	Yes
CACTAAGCAAGCTCTA.1	Yes
CACTAAGTCTATCGCC.1	Yes
CACTGAAGTAATCAAG.1	Yes
CACTGAATCGACTCCT.1	Yes
CACTGTCTCAATCAGC.1	Yes
CAGAGCCGTAATGCGG.1	Yes
CAGCAGCAGATCCCGC.1	Yes
CAGCAGCCAACTAGAA.1	Yes
CAGCAGCTCCTACTGC.1	Yes
CAGGCCATCAAGAATG.1	Yes
CAGGTATCAGTTTCAG.1	Yes
CAGGTATTCGGCTGTG.1	Yes
CAGTGCGTCATGAAAG.1	Yes
CATACCCGTATGTGTC.1	Yes
CATACCCTCAACGTGT.1	Yes
CATAGACCAGAACGCA.1	Yes
CATAGACGTACAAACA.1	Yes
CATAGACGTATGGTAA.1	Yes
CATCGGGCAGGAATCG.1	Yes
CATGAGTAGTTCCGGC.1	Yes
CATGCTCAGATACAGT.1	Yes
CATGGATGTGCGGATA.1	Yes
CATGGTAAGGAGAATG.1	Yes
CATTCCGAGCGACTAG.1	Yes
CATTCCGCACTTTATC.1	Yes
CATTGAGTCCGATAGT.1	Yes
CATTTCAGTCACTGAT.1	Yes
CATTTCAGTTTGACAC.1	Yes
CATTTCATCTGTGCAA.1	Yes
CCAAGCGAGGTTGGAC.1	Yes
CCACACTAGAGCACTG.1	Yes
CCACCATCAACAGTGG.1	Yes
CCACGTTAGGGTAGCT.1	Yes
CCATAAGTCGGCATTA.1	Yes
CCCAACTCACTATCGA.1	Yes
CCCATTGGTTGCCTAA.1	Yes
CCCGAAGCAATGGCAG.1	Yes
CCGAACGCAGTATTCG.1	Yes
CCGATCTCACTAACCA.1	Yes
CCGATGGTCTTCCCGA.1	Yes
CCGCAAGCACAAGCAG.1	Yes
CCGCAAGTCCTAACAG.1	Yes
CCGTAGGCACCTGCGA.1	Yes
CCGTAGGTCTCCGAGG.1	Yes
CCTAAGACAGGCACTC.1	Yes
CCTATCGCACAAGCTT.1	Yes
CCTATCGGTTACCTGA.1	Yes
CCTCAGTTCCTACCGT.1	Yes
CCTCCTCCAGTGGTGA.1	Yes
CCTCCTCCATGTTCAG.1	Yes
CCTGTTGTCTCGGCTT.1	Yes
CCTTCAGGTCAACACT.1	Yes
CCTTCAGGTCAAGCCC.1	Yes
CCTTGTGCAAATGCGG.1	Yes
CCTTGTGGTCACGACC.1	Yes
CCTTTGGTCATGCATG.1	Yes
CGAAGGACAAAGTATG.1	Yes
CGAAGTTCAAGCTGCC.1	Yes
CGATCGGTCGTTACCC.1	Yes
CGATGGCCAGCGTATT.1	Yes
CGATGGCTCACTAGCA.1	Yes
CGCCAGACAGAGTGTG.1	Yes
CGCCATTAGGGACTGT.1	Yes
CGCCATTCATGGCGCT.1	Yes
CGCGTGACATGACAAA.1	Yes
CGGAACCGTGGCGTAA.1	Yes
CGGACACAGTATAGAC.1	Yes
CGGGACTTCAGGAGAC.1	Yes
CGGGTCAAGGAACGCT.1	Yes
CGGGTGTAGAAGGATG.1	Yes
CGGGTGTAGGCACGAT.1	Yes
CGGGTGTGTTAGAAAC.1	Yes
CGGGTGTTCTACCCAC.1	Yes
CGGTCAGAGGTCACCC.1	Yes
CGGTCAGAGTGGTGGT.1	Yes
CGTAGTAAGGTCGTGA.1	Yes
CGTGAATTCACTGAAC.1	Yes
CGTGATATCAACTGAC.1	Yes
CTAAGTGGTCCAATCA.1	Yes
CTAGACACATACCGTA.1	Yes
CTAGACAGTTGTATGC.1	Yes
CTAGACATCAGCTGTA.1	Yes
CTATCCGCATGGGTCC.1	Yes
CTCAAGACATAAGCGG.1	Yes
CTCAATTAGGTTGGTG.1	Yes
CTCATCGGTGTCCGTG.1	Yes
CTCCAACAGCCGTTGC.1	Yes
CTCCATGAGAGTGTGC.1	Yes
CTCCGATCAGCGAACA.1	Yes
CTCCTCCGTAGGCAAC.1	Yes
CTCGAGGCAGAGACTG.1	Yes
CTCTCGAAGAGTCTTC.1	Yes
CTCTCGAAGTCTAACC.1	Yes
CTCTGGTAGGACTTCT.1	Yes
CTGAGGCGTGGTCTGC.1	Yes
CTGATCCGTGACACAG.1	Yes
CTGATCCTCAGCTAGT.1	Yes
CTGCATCGTTTCACAG.1	Yes
CTGCCATCAACAAAGT.1	Yes
CTGCCATTCGATCCAA.1	Yes
CTGCCTAGTAACCCTA.1	Yes
CTGCTCACACTCCGAG.1	Yes
CTGCTCATCCCAACTC.1	Yes
CTGGACGGTAACACGG.1	Yes
CTGGTCTGTAAGATTG.1	Yes
CTGTGGGTCTGAGAGG.1	Yes
CTTACCGCAAGAGGTC.1	Yes
CTTACCGGTCCGCAGT.1	Yes
CTTAGGAAGTCATAGA.1	Yes
CTTCAATAGCGACTGA.1	Yes
CTTCAATCAGACAATA.1	Yes
CTTCAATCAGAGTTCT.1	Yes
CTTCAATTCGTTCCCA.1	Yes
CTTCAATTCTGCGAGC.1	Yes
CTTCCGACATGGACAG.1	Yes
CTTCCTTAGCGCCGTT.1	Yes
CTTCTCTGTCGAGTTT.1	Yes
CTTCTCTTCGTAGAGG.1	Yes
CTTGAGACAGCACAAG.1	Yes
CTTGATTAGTAGTGCG.1	Yes
CTTGATTAGTGCGACA.1	Yes
GAAATGACATGGGAAC.1	Yes
GAACGTTTCTACCACC.1	Yes
GAAGCGAGTCGCACAC.1	Yes
GAAGGACCAATGAAAC.1	Yes
GAATAGACATCCCACT.1	Yes
GAATAGATCATTGTGG.1	Yes
GACAGCCCAGCCGTTG.1	Yes
GACAGCCTCCGAACGC.1	Yes
GACAGCCTCGACGACC.1	Yes
GACCCAGAGAGTCAGC.1	Yes
GACCCTTTCTAGTACG.1	Yes
GACCTTCCAATTGAAG.1	Yes
GACGCTGAGTTGCATC.1	Yes
GACGCTGCAAAGACTA.1	Yes
GACGCTGGTGTGAATA.1	Yes
GACTGATAGTGGGAAA.1	Yes
GAGAAATTCAGCCTTC.1	Yes
GAGACCCTCGCGTTTC.1	Yes
GAGACTTGTGCAGATG.1	Yes
GAGAGGTGTGGGTTGA.1	Yes
GAGCCTGTCGATTGAC.1	Yes
GAGGCAACAATAGAGT.1	Yes
GAGGCCTCACGTTCGG.1	Yes
GAGGGTAAGCGACATG.1	Yes
GAGTTTGCAACCCTAA.1	Yes
GATAGAAAGACTCGAG.1	Yes
GATAGAATCCACGGAC.1	Yes
GATAGAATCGCGTTTC.1	Yes
GATCACATCGAGAACG.1	Yes
GATCCCTAGGAACGAA.1	Yes
GATGTTGAGAAACCAT.1	Yes
GATGTTGAGTAGACCG.1	Yes
GATGTTGGTGAGAACC.1	Yes
GCACATAGTGCAGATG.1	Yes
GCACGGTCACCCTCTA.1	Yes
GCACGTGAGCAGGCTA.1	Yes
GCACGTGTCATGAAAG.1	Yes
GCACTAATCTCTCGAC.1	Yes
GCATCTCAGTGTGTTC.1	Yes
GCCAACGTCTATGTGG.1	Yes
GCCATGGCACGAAGAC.1	Yes
GCCATGGTCACACCGG.1	Yes
GCCCGAATCGCCAGAC.1	Yes
GCCGATGAGGTACAGC.1	Yes
GCCGATGTCTCCTACG.1	Yes
GCCGTGAAGTGAGCCA.1	Yes
GCCTGTTGTTACGGAG.1	Yes
GCGTTTCCAGCACACC.1	Yes
GCGTTTCTCTGAGGCC.1	Yes
GCTACCTAGAGTGACC.1	Yes
GCTCAAAGTTTACGAC.1	Yes
GCTGCAGAGGTCCGAA.1	Yes
GCTTCACCACAGTCCG.1	Yes
GCTTGGGAGCTTCTAG.1	Yes
GCTTGGGCATTCGGGC.1	Yes
GCTTGGGGTGGGACAT.1	Yes
GGAATCTGTATCGAAA.1	Yes
GGAATGGTCCAACACA.1	Yes
GGAGAACCAGTGACCC.1	Yes
GGAGATGAGCTAGATA.1	Yes
GGAGCAAGTACTTGTG.1	Yes
GGAGGATCAAGAAACT.1	Yes
GGAGGTATCTTTGCTA.1	Yes
GGATCTACAAGACGGT.1	Yes
GGATCTATCCTTATCA.1	Yes
GGCACGTGTGACTCGC.1	Yes
GGCAGTCAGGTAAACT.1	Yes
GGCAGTCAGTAAACGT.1	Yes
GGCTTGGAGCTAAGTA.1	Yes
GGGACTCAGGTCCCTG.1	Yes
GGGACTCAGTGCTACT.1	Yes
GGGAGATGTACTGTTG.1	Yes
GGGAGATTCGTGCACG.1	Yes
GGGAGTACAATGAACA.1	Yes
GGGATGATCATGCCGG.1	Yes
GGGCGTTTCAACGTGT.1	Yes
GGGTATTCAACTCATG.1	Yes
GGGTGAAGTCAAGCGA.1	Yes
GGGTGAAGTGGATTTC.1	Yes
GGGTGTCCAGCTCCTT.1	Yes
GGGTTATGTTGTGGCC.1	Yes
GGGTTTAAGTAGAATC.1	Yes
GGTAACTAGCGGTATG.1	Yes
GGTAACTAGGGAGTGG.1	Yes
GGTAACTCAAGATGGC.1	Yes
GGTAATCCAACTGCCG.1	Yes
GGTAATCCATAGACTC.1	Yes
GGTCACGTCGGCTGGT.1	Yes
GGTGAAGCAGGTGGAT.1	Yes
GGTGGCTAGCAGGCAT.1	Yes
GGTGTTAAGGGTGAGG.1	Yes
GTACAACTCATGCATG.1	Yes
GTAGAAATCCGTTGAA.1	Yes
GTAGAGGGTCGAGTGA.1	Yes
GTAGATCAGTCTCTGA.1	Yes
GTAGCTAAGTCATTGC.1	Yes
GTAGGTTAGAGGGCGA.1	Yes
GTAGTACGTTGTTGCA.1	Yes
GTATTTCCAGGATGAC.1	Yes
GTCACGGCAGTCAGTT.1	Yes
GTCACTCCAATGGGTG.1	Yes
GTCATCCGTTCGGTAT.1	Yes
GTCATTTTCGTCCATC.1	Yes
GTCCACTCACTAACCA.1	Yes
GTCCCATAGCGACAGT.1	Yes
GTCTCACTCAGCCTTC.1	Yes
GTCTTTATCCACTGGG.1	Yes
GTGAGCCCAGAGACTG.1	Yes
GTGAGGATCCTCTGCA.1	Yes
GTGAGTTTCTTAGCTT.1	Yes
GTGCACGGTGTGTCCG.1	Yes
GTGCAGCCATCTTAGG.1	Yes
GTGCGTGAGAATTCAG.1	Yes
GTGCGTGGTAGCGCTC.1	Yes
GTGCGTGTCTCAAAGC.1	Yes
GTGCTGGAGGCTTAGG.1	Yes
GTGGAAGCATAGGTTC.1	Yes
GTGGAAGTCAGGGATG.1	Yes
GTGGTTAAGAATTCAG.1	Yes
GTGGTTAAGGCCTTGC.1	Yes
GTGGTTACATGATGCT.1	Yes
GTGTGATGTCTGGTTA.1	Yes
GTGTGGCTCTCTCGCA.1	Yes
GTGTTCCCAATCGCGC.1	Yes
GTTACCCCATCTTCGC.1	Yes
GTTACGAAGACCACGA.1	Yes
GTTACGAGTACGAGTG.1	Yes
GTTAGACCAAGATGTA.1	Yes
GTTCCGTCATAGGTAA.1	Yes
GTTCGCTGTGAGTAAT.1	Yes
GTTGTCCGTTGTGCAT.1	Yes
GTTGTCCTCGGTGAAG.1	Yes
GTTTACTCAACTTGCA.1	Yes
GTTTGGACAGGAGACT.1	Yes
TAACACGCAGAAGTGC.1	Yes
TAACACGGTACTGAGG.1	Yes
TAATTCCTCTACTCAT.1	Yes
TACACCCTCGGTAGGA.1	Yes
TACAGGTTCGTTCGCT.1	Yes
TACCTGCAGAGAGAAC.1	Yes
TACGTCCCAAGCACCC.1	Yes
TACGTCCTCGTCACCT.1	Yes
TACTGCCAGATGACCG.1	Yes
TACTGCCTCAGAACCT.1	Yes
TACTTACTCAGTCAGT.1	Yes
TACTTGTTCGCCGATG.1	Yes
TAGACTGCACTGTCGG.1	Yes
TAGACTGTCATGCTAG.1	Yes
TAGAGTCTCCTTATCA.1	Yes
TAGATCGTCTAAGGAA.1	Yes
TAGGTACTCGGCTGAC.1	Yes
TAGGTTGGTGCGAACA.1	Yes
TATACCTGTTGCTCGG.1	Yes
TATCAGGGTCTCTCAC.1	Yes
TATCAGGTCGCATTAG.1	Yes
TATCCTACACGTATAC.1	Yes
TATCGCCTCCGTGACG.1	Yes
TATCGCCTCCTTCTGG.1	Yes
TATCGCCTCGACGCTG.1	Yes
TATCTGTAGATCCAAA.1	Yes
TATCTGTCACACCTTC.1	Yes
TATCTGTTCTAGCATG.1	Yes
TATCTTGTCAAGAAAC.1	Yes
TATTGGGCATGGAAGC.1	Yes
TCAAGACGTTTGGGAG.1	Yes
TCAAGTGAGACGCCCT.1	Yes
TCACATTTCCTTCAGC.1	Yes
TCACGCTAGCGGGTTA.1	Yes
TCACGCTCAAGGTCAG.1	Yes
TCACGGGAGCGTTAGG.1	Yes
TCACGGGCATCCGCGA.1	Yes
TCACGGGTCTTGGCTC.1	Yes
TCACTATGTACACGTT.1	Yes
TCACTCGAGTCATCGT.1	Yes
TCACTCGCAGTCCCGA.1	Yes
TCAGCAACAACTCATG.1	Yes
TCAGCCTTCTTGCAAG.1	Yes
TCAGGTAAGTATGATG.1	Yes
TCAGGTAGTGTCACAT.1	Yes
TCAGTCCGTAGCGATG.1	Yes
TCAGTCCGTAGGTTTC.1	Yes
TCAGTTTAGTTAACAG.1	Yes
TCATACTTCTAACGGT.1	Yes
TCATGTTGTATCCCAA.1	Yes
TCATGTTTCTCATTAC.1	Yes
TCATTACAGCAGGTCA.1	Yes
TCATTACAGTCAATCC.1	Yes
TCATTGTGTGCAGATG.1	Yes
TCCAGAACATGGTACT.1	Yes
TCCATGCTCGTGCTCT.1	Yes
TCCCATGGTTCGGTTA.1	Yes
TCCGAAAAGCATGCGA.1	Yes
TCCGAAACAGACCATT.1	Yes
TCCGATCCAATCTGCA.1	Yes
TCCGTGTCAATGGGTG.1	Yes
TCCGTGTTCGACGACC.1	Yes
TCCTAATTCATCACTT.1	Yes
TCCTCCCAGCTAATCC.1	Yes
TCCTCCCCAAACTGCT.1	Yes
TCCTCTTAGCCAGAGT.1	Yes
TCCTCTTCAGGTCTCG.1	Yes
TCCTCTTTCATGCAGT.1	Yes
TCCTTCTGTAATGCTC.1	Yes
TCGAACATCGGCTGGT.1	Yes
TCGAAGTGTCGAGTTT.1	Yes
TCGACGGCATAGGTAA.1	Yes
TCGCACTGTACACGTT.1	Yes
TCGCAGGTCCTCACGT.1	Yes
TCGGATAAGACAGTCG.1	Yes
TCGGGCAGTACGATGG.1	Yes
TCGGTCTTCATCGCTC.1	Yes
TCGGTCTTCCGAGCTG.1	Yes
TCGTGCTGTTCGGCTG.1	Yes
TCTATACGTACAGGTG.1	Yes
TCTCACGTCTGGTCAA.1	Yes
TCTCCGATCATGGCCG.1	Yes
TCTCTGGGTCCGTTTC.1	Yes
TCTGTCGGTGCCTTTC.1	Yes
TCTTGCGCACCTTCGT.1	Yes
TGAATGCTCTTACGGA.1	Yes
TGACAGTTCGGAATTC.1	Yes
TGACCCTAGTCGCCAC.1	Yes
TGACGCGTCCGGACTG.1	Yes
TGACTCCAGCGCTTCG.1	Yes
TGACTCCAGGCCACCT.1	Yes
TGAGCGCGTCGATTAC.1	Yes
TGAGGAGAGGACCCAA.1	Yes
TGAGGGATCTCATTGT.1	Yes
TGAGGTTGTTGAGGAC.1	Yes
TGATCAGGTCTTGCGG.1	Yes
TGATCTTGTGTGTGTT.1	Yes
TGATGCAAGCGCCTCA.1	Yes
TGATGGTAGCGTGCCT.1	Yes
TGATGGTCACAGACGA.1	Yes
TGATTCTAGTTCCGTA.1	Yes
TGCACGGTCGTTCAGA.1	Yes
TGCAGGCTCTGTGTGA.1	Yes
TGCAGTACAACCGTAT.1	Yes
TGCCGAGAGGGAACAA.1	Yes
TGCGATAGTGACTAAA.1	Yes
TGCGGCAAGTCCCGAC.1	Yes
TGCGGCATCTTTGGAG.1	Yes
TGCTCCAAGCACTAGG.1	Yes
TGCTCCAAGGTTGAGC.1	Yes
TGCTCCACACCGCTAG.1	Yes
TGCTCGTTCGTTCATT.1	Yes
TGCTGAACAAATTAGG.1	Yes
TGCTTGCGTCCACAGC.1	Yes
TGCTTGCTCCATGAGT.1	Yes
TGGAACTAGGGACAGG.1	Yes
TGGAACTGTGGCTGAA.1	Yes
TGGATCAGTATGGAGC.1	Yes
TGGATGTCATCGTCCT.1	Yes
TGGCGTGAGAGTTGTA.1	Yes
TGGCGTGGTCGCCTAG.1	Yes
TGGGAGAAGGTAGTAT.1	Yes
TGGTTAGTCATACAGC.1	Yes
TGTAAGCTCGAACCTA.1	Yes
TGTAGACCACCGTCGA.1	Yes
TGTCCACAGGCCTAGA.1	Yes
TGTCCACAGGTTCCAT.1	Yes
TGTGGCGAGGTCCCTG.1	Yes
TGTGGCGGTTTACCAG.1	Yes
TGTTCCGCAGCTATTG.1	Yes
TGTTCCGGTTGAGAGC.1	Yes
TGTTCTAAGTGGATAT.1	Yes
TGTTGAGTCTCAAAGC.1	Yes
TTAATCCAGGCAATGC.1	Yes
TTACAGGTCCGATGCG.1	Yes
TTACCATCACCTTCGT.1	Yes
TTACCATCATGTACGT.1	Yes
TTACCGCGTCAAGTTC.1	Yes
TTACGTTTCGGTTGTA.1	Yes
TTACTGTAGACATGCG.1	Yes
TTAGGGTAGTGAATAC.1	Yes
TTATTGCTCATGAGAA.1	Yes
TTCCAATGTACGATCT.1	Yes
TTCCACGAGTACTCGT.1	Yes
TTCCGGTAGTCACTGT.1	Yes
TTCCGGTCATGAAGCG.1	Yes
TTCCGTGAGTCCTGCG.1	Yes
TTCCGTGTCGCAGAGA.1	Yes
TTCCTAAAGCACTCCG.1	Yes
TTCGATTAGCCTAGGA.1	Yes
TTCGCTGCAACTAGAA.1	Yes
TTCGGTCGTCTTAGTG.1	Yes
TTCTAACAGGAACGAA.1	Yes
TTCTAACGTTGAAGTA.1	Yes
TTCTAGTGTAATTGGA.1	Yes
TTCTCTCGTACCCGCA.1	Yes
TTCTTCCAGTATTGCC.1	Yes
TTCTTGACATGATCTG.1	Yes
TTGACCCAGCTTGTGT.1	Yes
TTGACCCTCGCTGTTC.1	Yes
TTGCCTGTCATGAGTC.1	Yes
TTGCGTCCATGTTACG.1	Yes
TTGCGTCGTATCAGGG.1	Yes
TTGCTGCCAGCAGAAC.1	Yes
TTGCTGCTCTGGGCCA.1	Yes
TTGGATGGTCATCACA.1	Yes
TTGGGTACATCAGCTA.1	Yes
TTGGGTAGTACGACAG.1	Yes
TTGTTGTTCGCAACAT.1	Yes
TTTACGTTCAACTTTC.1	Yes
TTTCACAAGCCTGGAA.1	Yes
TTTCAGTGTGCATTTG.1	Yes
TTTGATCCAGGTCAGA.1	Yes
TTTGGAGCAACAGATA.1	Yes
TTTGGAGCAACCCTCT.1	Yes
TTTGGAGGTTCACCGG.1	Yes
TTTGGAGTCTAAGGAA.1	Yes
