Barcode	Cluster
AAACGAACACGGCTAC.1	3
AAAGAACAGTTCACTG.1	1
AAAGTCCGTGGATCAG.1	2
AAAGTGATCGTGGTAT.1	1
AAATGGAGTATGCGTT.1	1
AAATGGAGTGAGATCG.1	1
AACAAAGGTCTAACTG.1	3
AACACACCACACCTTC.1	5
AACAGGGCACAGTGAG.1	5
AACCATGTCAAAGGTA.1	1
AACCCAACACCTGAAT.1	3
AACCTTTGTCCACACG.1	2
AACGAAACACACAGCC.1	2
AACTTCTAGGGCGAAG.1	3
AACTTCTCAAACACCT.1	1
AAGACAATCACACCGG.1	3
AAGATAGCACCGTGCA.1	2
AAGCATCTCGGCCCAA.1	1
AAGCATCTCTCTGCTG.1	1
AAGCGAGAGTCCTGCG.1	7
AAGGAATTCTCAACCC.1	3
AAGGTAAAGAATAGTC.1	6
AAGGTAAGTACCGTCG.1	4
AAGGTAATCCGCGAGT.1	3
AAGTGAAGTGAGTAAT.1	1
AATGAAGCACAGTCCG.1	6
AATGCCACACCCTTAC.1	6
AATTCCTCACTTTAGG.1	2
AATTCCTTCAGGGTAG.1	2
ACAAAGAGTACGCTTA.1	6
ACACAGTGTACCCGCA.1	4
ACACAGTGTCTTTCAT.1	3
ACACAGTTCCACCTGT.1	5
ACACCAAAGTGCACAG.1	1
ACATCCCTCTCAACGA.1	1
ACATCGACACCAGTAT.1	4
ACATGCATCAACTGGT.1	1
ACCAAACAGAAGCGAA.1	5
ACCAAACAGCCGTCGT.1	7
ACCCTCACACCTGCTT.1	2
ACCCTCAGTGCCCTTT.1	5
ACCGTTCGTCAAGCCC.1	3
ACCTACCGTAGTGCGA.1	2
ACGATCAAGGACATCG.1	5
ACGGAAGGTCTGTTAG.1	2
ACGGGTCGTCAAATCC.1	1
ACGGTCGAGCGAACTG.1	5
ACGGTCGGTCTGCCTT.1	5
ACTGCAAAGGTAACTA.1	3
ACTGCAACACAAAGTA.1	5
ACTGCAACAGGGCTTC.1	7
ACTGTGAAGCCGATAG.1	1
ACTTAGGAGACTTCGT.1	1
ACTTAGGAGTCAACAA.1	4
ACTTATCAGTAAACAC.1	2
ACTTTCACATGAAGCG.1	1
ACTTTGTAGAGTCACG.1	2
AGAAATGAGGTTAAAC.1	2
AGAACAATCCGGGACT.1	3
AGAAGCGGTGGCAACA.1	1
AGAAGTAAGTTGTCAC.1	2
AGAAGTAGTGACTGAG.1	4
AGAAGTATCGATGGAG.1	3
AGACAAATCCTTATCA.1	5
AGACACTGTATGATCC.1	2
AGACAGGGTCTGGTTA.1	3
AGACAGGTCCAAGGGA.1	3
AGACCATTCCTTCACG.1	6
AGACCCGTCCTTCTTC.1	3
AGACTCAGTCGAAGCA.1	2
AGATCCAGTTGGAGGT.1	2
AGATGCTGTGCGTCGT.1	2
AGCCAATTCCCGAATA.1	6
AGCGATTTCAGCATTG.1	2
AGCGCCAAGTTCTACG.1	6
AGCGCTGTCCTGGCTT.1	1
AGCGTCGCATCATCTT.1	3
AGCTACACAATACAGA.1	2
AGCTACACATGACAAA.1	2
AGCTCAAAGGCCTTCG.1	5
AGGACGAGTATCCCTC.1	1
AGGACTTGTGACTAAA.1	1
AGGAGGTAGTTCATGC.1	3
AGGCTGCTCAGACTGT.1	5
AGGTGTTGTGCTGATT.1	2
AGGTTACAGGACAGTC.1	7
AGTAACCAGTAGACAT.1	4
AGTAACCCACGTACAT.1	1
AGTACCACACGACTAT.1	2
AGTAGCTAGAAGGGAT.1	2
AGTAGCTGTTCCGCGA.1	4
AGTAGTCCATCATTTC.1	3
AGTCAACTCGTGTCAA.1	5
AGTCACAGTAGACAGC.1	3
AGTGACTGTGAACTAA.1	3
AGTGTTGCAAGCCATT.1	4
AGTGTTGCAGGAGGAG.1	6
AGTTCCCGTAACGCGA.1	1
ATACTTCGTCCCTGTT.1	3
ATAGACCCAACCGCCA.1	1
ATAGACCCACCCTAAA.1	3
ATCACGAGTCGCTTGG.1	1
ATCACGAGTCGGAAAC.1	1
ATCACGAGTGGTCTCG.1	7
ATCACGATCGCAGATT.1	2
ATCAGGTTCACGTAGT.1	3
ATCCACCAGAGGACTC.1	2
ATCGATGTCCTACCGT.1	4
ATCGCCTAGAGCGACT.1	3
ATCGGATGTCGTATTG.1	2
ATCGGCGAGAATCGAT.1	3
ATCGGCGCAAATGAAC.1	3
ATCGTCCTCCCTCTAG.1	1
ATCGTGACAGTGGGTA.1	6
ATCTCTAAGTTTCAGC.1	2
ATCTTCATCGGCATCG.1	3
ATCTTCATCTCTAAGG.1	3
ATGACCATCTCCATAT.1	3
ATGGAGGAGCGGGTAT.1	3
ATGGAGGTCCTACGAA.1	4
ATGGGAGCATTGCAAC.1	6
ATGGGTTTCGACCTAA.1	3
ATGTCCCAGTGCAAAT.1	3
ATGTCTTCAATTGCTG.1	3
ATTCACTAGAATACAC.1	2
ATTCAGGCACATTCTT.1	6
ATTCAGGGTATTGCCA.1	3
ATTCATCTCTCTCGCA.1	2
ATTCCATCACATGGTT.1	2
ATTCTACCAAACGTGG.1	5
ATTCTACCAAGTTGGG.1	4
ATTCTACTCAACTGAC.1	1
ATTTCACAGACGGATC.1	1
ATTTCACTCTGCACCT.1	5
ATTTCTGGTATTAAGG.1	3
CAACAACTCTAGTGTG.1	3
CAACAGTGTCGCACAC.1	1
CAACCAAAGATAACGT.1	5
CAACCAATCGAACCAT.1	1
CAAGAGGAGATAGGGA.1	5
CAAGAGGAGGGAGTTC.1	2
CAAGAGGTCGTGGCTG.1	4
CAAGCTACACCTAAAC.1	2
CAAGCTAGTACCGCGT.1	3
CAATACGTCTGGCCGA.1	4
CAATGACGTCACTGAT.1	1
CAATTTCTCGACACCG.1	2
CACAACACACGTAACT.1	1
CACACAACACGGCACT.1	6
CACAGATAGACATAAC.1	2
CACAGATGTCAATCTG.1	3
CACAGGCGTTGGCCTG.1	4
CACAGGCTCTAGTGAC.1	4
CACATGAAGGCAGGTT.1	3
CACCAAAAGCGTGCTC.1	3
CACCGTTAGCATGAAT.1	2
CACGGGTCACGGTAGA.1	1
CACGTGGAGTTTCAGC.1	2
CACGTGGGTCTACGAT.1	3
CACTAAGAGCGCTGCT.1	1
CACTGAAGTTACACTG.1	2
CACTGTCAGGACGGAG.1	4
CACTGTCCAGGTTCCG.1	4
CAGAGCCGTCAGACGA.1	2
CAGTGCGTCGTCAACA.1	4
CATAAGCTCTCAAAGC.1	2
CATACAGCACGCTTAA.1	2
CATCCACAGACAACTA.1	2
CATCCCACAGTAACGG.1	2
CATCCCAGTTGCATCA.1	4
CATCCGTGTATCAAGA.1	1
CATCGCTTCATTGAGC.1	4
CATCGTCGTGTTCAGT.1	1
CATGAGTTCCCTCGTA.1	1
CATGCGGAGCCTGTGC.1	3
CATGCGGGTGAGTTGG.1	6
CATGCTCAGAAGCGCT.1	1
CATGCTCCAAAGGTTA.1	3
CATGCTCTCCGCTAGG.1	2
CATGCTCTCCGGCAGT.1	2
CATGGATCACGAAGAC.1	4
CATTCATTCATTGCCC.1	4
CATTCTATCGCACTCT.1	3
CATTGAGAGATTGTGA.1	4
CATTGAGGTCCAATCA.1	5
CATTGCCTCATTACCT.1	3
CCACAAACACAAGCAG.1	2
CCACTTGAGAAACTGT.1	6
CCATAAGAGGTTTGAA.1	4
CCATCACTCTTACACT.1	6
CCCAACTAGCATGCGA.1	3
CCCAACTAGGCTGTAG.1	6
CCCAACTCATGAAAGT.1	2
CCCTCAAAGCAGAAAG.1	2
CCCTCAACAAATCGTC.1	4
CCCTGATTCTAGGAAA.1	1
CCGAACGGTAGTGATA.1	1
CCGGGTATCTCGACCT.1	6
CCGGTAGCAACTGATC.1	7
CCGGTAGTCTGTCGTC.1	1
CCTCAACGTCGTCAGC.1	1
CCTCACACATGTGTCA.1	4
CCTCAGTAGGATCATA.1	3
CCTCAGTGTCATCCGG.1	1
CCTCCAAAGTCGGCAA.1	2
CCTGTTGCAGATGCGA.1	2
CCTGTTGTCCAATCTT.1	3
CCTTCAGCAATGCAAA.1	2
CCTTCAGTCTGCCTCA.1	7
CGACAGCAGCATGGGT.1	6
CGACAGCTCTGAGAAA.1	4
CGAGGCTAGCTACTGT.1	2
CGAGTGCGTCGATGCC.1	4
CGAGTTAAGTGAGGTC.1	1
CGATGCGCACATTCGA.1	3
CGCCATTCACAGTGAG.1	3
CGCGTGAGTATGACAA.1	1
CGGAGAATCGTGCAGC.1	5
CGGCAGTTCATGCGGC.1	4
CGGCAGTTCTATGCCC.1	5
CGGGACTCAAACGTGG.1	3
CGGGACTCAGACTCTA.1	4
CGGTCAGGTTGGACTT.1	4
CGTAAGTTCATGCTAG.1	2
CGTAATGCAGGTCTCG.1	4
CGTAGTAAGAGCAGTC.1	1
CGTCCATCATTACTCT.1	1
CGTCCATTCTGTGCGG.1	2
CGTGCTTGTAGGCTGA.1	3
CGTTCTGCAATTCTTC.1	2
CGTTCTGTCGGACAAG.1	4
CTACCCAAGGCCCAAA.1	2
CTACGGGAGCGATTCT.1	1
CTACTATAGACCTTTG.1	2
CTATCCGAGCTGACAG.1	7
CTATCTAGTCAGGCAA.1	3
CTCAATTTCCGCAAAT.1	3
CTCACTGCACAGCTTA.1	2
CTCAGTCGTACGATGG.1	3
CTCATCGAGGAGGGTG.1	1
CTCATGCAGAACAGGA.1	1
CTCCACACAACTGTGT.1	4
CTCCTTTGTTGTTGCA.1	2
CTCTGGTAGTAGTCTC.1	5
CTCTGGTGTTCAAGTC.1	5
CTGAATGAGGGTACGT.1	3
CTGAATGTCTAGAGCT.1	1
CTGATCCGTACTCGCG.1	1
CTGCAGGAGCAACAGC.1	4
CTGCAGGAGTAAGGGA.1	2
CTGCAGGGTAGTGGCA.1	3
CTGCCTAAGAACCCGA.1	1
CTGGACGGTTCCGTTC.1	1
CTGGACGTCAGAATAG.1	3
CTGGACGTCCCGTAAA.1	1
CTGGTCTTCTCTTCAA.1	5
CTGTACCCATGGGTTT.1	7
CTGTACCTCTGCTCTG.1	1
CTGTATTGTTCGGTCG.1	5
CTGTGGGGTACGGGAT.1	2
CTTCAATCACCCAACG.1	2
CTTCCGAAGTAACGTA.1	2
CTTCCTTGTGAGATAT.1	3
CTTCGGTCAGTGACCC.1	2
CTTGATTGTGTGTTTG.1	2
CTTTCAAAGCATCAGG.1	2
CTTTCAAGTCGGCTAC.1	1
CTTTCAATCAGACATC.1	5
CTTTCGGCACGCGTGT.1	5
CTTTCGGGTAGGATAT.1	3
CTTTCGGTCTGCCCTA.1	7
GAAACCTCAAGCCATT.1	5
GAACACTTCGAAACAA.1	4
GAAGCGAGTGAATGAT.1	4
GAAGGACAGTAGGTTA.1	3
GACCCAGGTAGCTCGC.1	4
GACCCTTGTCACTAGT.1	7
GACCGTGAGTACTGGG.1	4
GACCTTCAGCCGTCGT.1	2
GACGTTACATCCTTCG.1	4
GACTATGTCAAAGGAT.1	3
GACTCAAAGGTCCGAA.1	1
GACTCAAGTCACTCGG.1	1
GACTGATTCCGTGTCT.1	4
GAGAAATTCCACAAGT.1	1
GAGCCTGTCGTACCTC.1	1
GAGGCAAAGATGCTGG.1	2
GAGGCAACACCTGATA.1	3
GAGGGATTCTTACCGC.1	1
GAGTCATCAAGCAGGT.1	1
GAGTCATGTCAAATCC.1	4
GAGTCATTCCTGCCAT.1	5
GAGTCTACACTTGGGC.1	4
GAGTGAGTCAACTACG.1	6
GAGTGTTCATCCGGCA.1	6
GAGTGTTTCCTGGGTG.1	4
GAGTTGTTCACACCCT.1	1
GATAGCTTCGTGAGAG.1	5
GATCACAAGCAATAAC.1	1
GATCAGTTCCTGTACC.1	2
GATCATGTCACCTCTG.1	2
GATCGTAAGCAACTTC.1	3
GATGACTCAGGACGAT.1	2
GATGATCCATGATAGA.1	3
GATGCTAAGCTCCGAC.1	4
GATGGAGTCCCAGCGA.1	4
GATTCGATCTGTACAG.1	1
GATTGGTAGAAGCGAA.1	4
GATTTCTCAGAGAATT.1	4
GCAACATCAGAGATTA.1	2
GCACGGTAGAAGCCAC.1	2
GCACGGTGTTCTCCAC.1	2
GCAGGCTCAACGTTAC.1	7
GCATCGGGTTACACTG.1	5
GCATCTCCATCGGATT.1	3
GCATTAGTCATTCTTG.1	3
GCCAACGCATGGCACC.1	1
GCCATTCAGAACTGAT.1	3
GCCATTCCACCCTGTT.1	2
GCCGTGAGTCACTTAG.1	3
GCGATCGCAATTGCTG.1	3
GCGATCGTCGTGTCAA.1	1
GCGGAAAAGGAAGAAC.1	1
GCGGAAACATCCAATG.1	1
GCGGAAAGTTCTCACC.1	5
GCGGAAATCGTGGGTC.1	1
GCGGATCGTTTACACG.1	1
GCGGATCTCTAACGGT.1	3
GCGTGCAAGTTTCTTC.1	4
GCGTTTCAGGTGAGAA.1	4
GCTACCTGTACGACTT.1	4
GCTACCTTCGAGTCTA.1	1
GCTACCTTCGCAACAT.1	1
GCTGCAGAGTGCACCC.1	3
GCTGCAGCACGGGCTT.1	3
GCTGCAGTCTTCCCAG.1	3
GCTTCACCATAGAGGC.1	6
GCTTCACTCTTAGCCC.1	7
GCTTGGGTCGAACGGA.1	3
GGAACCCGTGGACAGT.1	3
GGAAGTGTCCTCACGT.1	1
GGAATCTAGTATGACA.1	2
GGAGATGGTCTTCTAT.1	2
GGAGGATCAGAGGTAC.1	6
GGCGTCATCCACTTTA.1	4
GGCTTGGCAGTCTACA.1	6
GGCTTTCGTCGTTGGC.1	7
GGGAAGTTCGCCTTGT.1	5
GGGACTCGTCACTAGT.1	5
GGGAGATAGCTAAGTA.1	2
GGGAGATGTATACGGG.1	6
GGGCCATTCATGTCTT.1	1
GGGTAGACACTCTAGA.1	3
GGGTGAATCGTGTGAT.1	4
GGTAACTCACGCTGCA.1	3
GGTAATCAGTCCTGCG.1	1
GGTAGAGAGCCGTCGT.1	1
GGTCACGCAGGTGTGA.1	2
GGTCTGGCAGCGTTTA.1	3
GGTGAAGCAAAGGGCT.1	1
GGTGATTAGAGTCCGA.1	1
GGTTCTCCAACTTGGT.1	5
GGTTGTACATCATTGG.1	2
GTAAGTCCACCAGTAT.1	2
GTACAGTAGACAAGCC.1	3
GTACAGTGTGGATCGA.1	3
GTAGAAATCTACCTTA.1	1
GTAGATCTCGCTACAA.1	1
GTAGCTAGTACGGCAA.1	4
GTATTGGCAGAAGCTG.1	4
GTATTTCTCGCCTTGT.1	3
GTCAAACCACACCTGG.1	5
GTCAAACCACTGAGGA.1	3
GTCAAACGTTGCTGAT.1	2
GTCAGCGGTGGCACTC.1	2
GTCCACTCATCCTTGC.1	4
GTCCCATCACATTCGA.1	2
GTCCCATCATGAAAGT.1	1
GTCGCGAGTCTCTCTG.1	4
GTCGTAAGTAGGTTTC.1	2
GTCTAGAAGTCAATCC.1	2
GTCTAGACATCGTGGC.1	4
GTCTCACCAACATACC.1	1
GTGAGCCTCGACACTA.1	2
GTGATGTCATACCACA.1	1
GTGCACGTCCTTGACC.1	1
GTGCTGGCATCCCACT.1	5
GTGCTTCCAACTCGAT.1	1
GTGCTTCGTACAGTCT.1	1
GTGGAAGGTGTTACTG.1	6
GTGGAGATCGTAGTGT.1	6
GTGGTTAAGTAACCGG.1	1
GTGTAACGTGGTAATA.1	1
GTGTGATAGCCTGACC.1	1
GTGTGGCAGGTCCTGC.1	2
GTGTGGCGTAAGCGGT.1	5
GTGTTAGGTAGCTTTG.1	3
GTGTTCCTCATGTCAG.1	3
GTTACCCGTACGCTTA.1	3
GTTACCCTCTTACACT.1	5
GTTACGACAACTGGTT.1	3
GTTAGACCAAGCCATT.1	2
GTTCCGTGTGCCGTTG.1	5
GTTCCGTTCGGACAAG.1	6
GTTGCGGCATCACGGC.1	4
GTTGTCCGTGCACATT.1	1
GTTGTGATCCTAGCTC.1	3
GTTTGGAAGGCTTCCG.1	1
GTTTGGACATACCAGT.1	3
GTTTGGAGTAACTGCT.1	3
TAACGACTCATTCTTG.1	1
TAACTTCCAAGGTCAG.1	3
TACAACGAGGATGTTA.1	1
TACAGGTTCCTCACGT.1	2
TACCCACCATACAGCT.1	4
TACCCGTAGCGATTCT.1	1
TACCGAATCTTCACAT.1	1
TACCGGGCATGCTGCG.1	1
TACGCTCGTTCTCGTC.1	4
TAGACCAAGAAGCGCT.1	3
TAGAGTCGTGAATAAC.1	4
TAGCACATCAGACATC.1	2
TAGCACATCGTAGTCA.1	2
TAGGTACTCAGAACCT.1	1
TATCGCCTCGCTGCGA.1	3
TATCTGTCAGCCGTTG.1	1
TATTGGGAGATAGTCA.1	3
TATTTCGGTCCGAAAG.1	1
TCACATTTCTCGGGAC.1	3
TCACTCGAGTGTGTTC.1	5
TCAGCAAGTAGGACCA.1	2
TCAGCAAGTCTATGAC.1	2
TCAGTCCAGTATGTAG.1	2
TCAGTCCCAGAAGTGC.1	6
TCATACTGTTAAGGAT.1	5
TCATACTTCCCGTTCA.1	5
TCATATCCAATCGCCG.1	2
TCATGAGTCACCCTTG.1	5
TCATGCCCAGCTTCCT.1	4
TCATTCACAAGGCTTT.1	1
TCATTTGCATTCTCCG.1	5
TCATTTGGTGATAGTA.1	2
TCATTTGTCCGAAATC.1	2
TCCACCAGTGCCTTCT.1	2
TCCAGAAAGAGAGCAA.1	2
TCCATCGCACACCTTC.1	2
TCCATCGTCATCTATC.1	1
TCCATCGTCGAAGCCC.1	3
TCCATGCGTAGCGAGT.1	1
TCCATGCTCGAGATGG.1	2
TCCGAAACAAGCAGGT.1	1
TCCGATCGTAGTCGGA.1	4
TCCGATCGTTGTCCCT.1	7
TCCGATCTCCGAACGC.1	4
TCCTCCCCATGGAACG.1	4
TCCTCTTAGGAGAGGC.1	6
TCCTCTTTCGACTCCT.1	2
TCCTGCACACGGATCC.1	1
TCCTGCAGTATGGGAC.1	6
TCCTTTCGTATCCTTT.1	2
TCGAAGTGTCCGTACG.1	2
TCGACCTAGTTTCTTC.1	6
TCGACCTGTTAAGTCC.1	1
TCGCTTGTCTCCTGTG.1	3
TCGGGCACAAATGAAC.1	1
TCGGGTGGTTCGGTAT.1	2
TCGGTCTTCCCATAAG.1	4
TCGTAGAAGAGGTCAC.1	1
TCGTGGGGTGTCATGT.1	1
TCGTGGGTCCGATGCG.1	2
TCTAACTCACCCTTGT.1	5
TCTACATAGTCACTCA.1	2
TCTACATGTAACTGCT.1	3
TCTATCAAGAGCCCAA.1	3
TCTCTGGCATAATCGC.1	1
TCTGCCAAGCGTATGG.1	3
TCTGGCTCATCGAGCC.1	5
TCTGTCGAGAGAGCCT.1	5
TCTTAGTAGAATTGCA.1	2
TCTTGCGCATTGGCAT.1	7
TCTTGCGGTGGATACG.1	4
TGAATCGCACGGGCTT.1	7
TGACCCTGTCTAGATC.1	3
TGACCCTTCGAAATCC.1	5
TGAGACTAGCGTATGG.1	4
TGAGACTAGGAGAGGC.1	3
TGATCTTAGACCACGA.1	5
TGATTCTCACATGAAA.1	1
TGATTCTGTTCAGTAC.1	3
TGCACGGGTGTCACAT.1	5
TGCGGCATCATCGTAG.1	3
TGCTTCGTCTCCCATG.1	6
TGGAACTGTTTGCCGG.1	5
TGGAGAGGTCGCTCGA.1	4
TGGAGAGTCCCAGGCA.1	3
TGGATCACACGACGTC.1	1
TGGCGTGAGCCGTCGT.1	4
TGGCGTGGTATACCTG.1	7
TGGGCTGAGAACAGGA.1	2
TGGGTTACAAGAATAC.1	3
TGGGTTAGTATTTCCT.1	5
TGGTAGTGTATGAAAC.1	4
TGGTTAGCACTAGTAC.1	1
TGGTTAGTCTTTCGAT.1	3
TGTAACGCAAGCGAAC.1	2
TGTAAGCTCGGACTTA.1	3
TGTACAGCATCGATGT.1	6
TGTAGACCATCGGTTA.1	3
TGTCAGATCTCAACGA.1	1
TGTCCCACACATGACT.1	2
TGTCCCAGTTGTATGC.1	1
TGTGCGGGTGGCATCC.1	2
TGTTGAGCACCATTCC.1	5
TGTTGAGTCATCCTAT.1	1
TGTTTGTCAAGTGCTT.1	1
TGTTTGTCACGAGGTA.1	5
TTAATCCCACAAGTGG.1	7
TTAATCCTCTCCATAT.1	1
TTACCGCAGTAAGAGG.1	5
TTACGTTTCTCCTACG.1	1
TTAGGCACAACGGTAG.1	2
TTAGGCAGTAATCAGA.1	3
TTCACGCAGCCAGTAG.1	5
TTCACGCGTCCGGTGT.1	7
TTCATGTCAGCATGCC.1	3
TTCCGTGCAACCCTAA.1	2
TTCCTAAGTAGGTAGC.1	4
TTCCTCTAGTTCCAGT.1	5
TTCGATTAGGCTCTCG.1	4
TTCGCTGCACTGCGTG.1	1
TTCTCTCCAACCGTGC.1	2
TTCTTCCGTAACTGCT.1	3
TTCTTGACACTGCGTG.1	5
TTGACCCAGCGTTGTT.1	2
TTGACCCAGTTGGACG.1	2
TTGCATTAGCTCTTCC.1	3
TTGCATTAGGGAGGAC.1	5
TTGCCTGGTAGACACG.1	7
TTGCTGCGTGACATCT.1	3
TTGGATGTCAAGGACG.1	5
TTGGTTTGTGCATGAG.1	4
TTGTGGAAGCGCTGAA.1	2
TTGTGGAGTACTGGGA.1	2
TTGTGTTGTTCGGCTG.1	4
TTGTGTTTCGGACAAG.1	1
TTGTTTGCACCTAAAC.1	4
TTGTTTGGTGTGTGGA.1	5
TTTACGTCATTGCTTT.1	1
TTTACGTGTCTGTGTA.1	7
TTTCATGGTGCCTTCT.1	7
TTTCGATAGGATGTTA.1	5
TTTGGTTGTTATAGCC.1	2
AAAGGGCAGGGCATGT.1	4
AAAGGTAAGGATTACA.1	3
AAAGGTATCCGCAACG.1	4
AAAGTCCCAGCGGTCT.1	3
AACAACCCATTGAAGA.1	2
AACAAGACACGACAAG.1	5
AACACACAGTAGTCTC.1	2
AACACACGTAGCGTCC.1	2
AACCACAAGATCCCGC.1	2
AACCACACATGTGACT.1	2
AACCACAGTGCGGTAA.1	7
AACCTGAAGCTGAAGC.1	2
AACCTTTAGCCTAACT.1	3
AACGAAAAGGTAGATT.1	4
AACGGGATCCTTTAGT.1	1
AACTTCTAGGTACCTT.1	1
AACTTCTCAAAGGCGT.1	4
AAGAACAAGTGCAACG.1	1
AAGAACACACTTGGGC.1	2
AAGATAGAGTACCCTA.1	5
AAGCCATTCGAATCCA.1	3
AAGCGTTCAGACCTAT.1	3
AAGGAATGTCAGACGA.1	3
AAGGAATGTCCTTAAG.1	4
AAGTACCAGACTTCAC.1	3
AAGTGAAAGGAGTCTG.1	6
AAGTGAAAGGCGCTCT.1	4
AAGTTCGAGGTATCTC.1	1
AATCGACCACGCACCA.1	2
AATCGTGAGGTGCCTC.1	7
AATCGTGGTACCCGCA.1	2
AATGAAGTCCCGAGGT.1	2
AATGACCCATCGCTGG.1	2
AATGCCACAGAGTGTG.1	2
AATTTCCGTACCAGAG.1	4
ACAACCACATCCGCGA.1	5
ACACAGTAGGCTCACC.1	1
ACACGCGAGTAGTCAA.1	1
ACAGAAATCCCTTGTG.1	3
ACAGCCGCACCGGCTA.1	2
ACATCCCTCCGATAAC.1	5
ACCATTTTCTATCACT.1	1
ACCCAAAGTGAGTTTC.1	4
ACCCAAAGTGGTATGG.1	4
ACCCTCACATCGGAAG.1	3
ACCCTCAGTGGATACG.1	5
ACCCTTGAGTTCCATG.1	4
ACCCTTGTCTGCGGGT.1	3
ACCTGTCCAATCCAGT.1	6
ACCTGTCGTCGTCAGC.1	2
ACCTGTCTCTAATTCC.1	5
ACCTGTCTCTGCTGAA.1	2
ACGATGTTCGCCCAGA.1	2
ACGGTTAAGACTTCAC.1	1
ACGTACAAGTATTAGG.1	4
ACTATTCTCGTCCATC.1	2
ACTGCAACAATCCTAG.1	2
ACTGTCCGTACGGGAT.1	3
ACTGTCCTCAATGTCG.1	1
ACTTATCTCGTGGTAT.1	2
ACTTCCGTCCGGTAGC.1	3
ACTTCCGTCCGTATGA.1	1
ACTTTCAAGCGAAACC.1	1
ACTTTCAGTACAGTCT.1	1
AGAACCTCATTGAGCT.1	3
AGAACCTTCTGTCCGT.1	1
AGAAGCGCATGCCGCA.1	4
AGACAAAGTCTGTCCT.1	4
AGACAAATCCAGCACG.1	4
AGACCATTCAACACGT.1	4
AGAGAATTCGGCATTA.1	6
AGATCCATCACGATAC.1	1
AGATCGTTCATTACGG.1	4
AGATGCTCAAACTAGA.1	5
AGATGCTTCCGTCAAA.1	4
AGCATCAAGCTACTAC.1	2
AGCGCTGGTTACGATC.1	2
AGCTACAAGCTCCGAC.1	3
AGCTCAAGTTCGGCGT.1	1
AGCTTCCTCGCATAGT.1	3
AGGAAATGTCAGACTT.1	1
AGGAATACACCTCGTT.1	2
AGGACGAGTGCCTGAC.1	1
AGGACTTAGTCACACT.1	3
AGGACTTTCGCTGATA.1	4
AGGAGGTCACGAAAGC.1	2
AGGCTGCTCTACCAGA.1	3
AGGGAGTAGAAATCCA.1	4
AGGGTTTGTGCACGCT.1	6
AGGTTACTCTGCTGAA.1	3
AGTAACCTCGTGTTCC.1	3
AGTACCAAGGATCACG.1	5
AGTACTGAGCTGGAGT.1	3
AGTCATGGTGCCCAGT.1	5
AGTGATCTCTTGGCTC.1	3
AGTGTTGAGATAACAC.1	1
AGTGTTGCAGTTAGAA.1	5
AGTGTTGTCGCGGACT.1	4
AGTTAGCAGCTCGGCT.1	3
AGTTAGCCATTCACCC.1	1
AGTTCCCCAGTAGAGC.1	1
AGTTCGACATGTCAGT.1	6
ATACCGACATCGATAC.1	4
ATACCGATCGACGAGA.1	3
ATACCTTCAGTCTACA.1	4
ATACTTCAGCCGATTT.1	1
ATACTTCTCAGAGTTC.1	2
ATCACAGAGACTTCGT.1	1
ATCACAGTCAAGGCTT.1	1
ATCACTTTCTGTCGCT.1	2
ATCATTCTCTCGCAGG.1	1
ATCCACCCACTCCGGA.1	3
ATCCATTCAGAATCGG.1	3
ATCCCTGTCTGTCGCT.1	4
ATCCGTCGTGCGTTTA.1	5
ATCGCCTGTGAGCGAT.1	3
ATCGCCTTCGAACGGA.1	1
ATCGGATCACCTGATA.1	2
ATCGGCGAGACGCATG.1	3
ATCGTAGGTCGACGCT.1	4
ATCTCTATCACACCGG.1	7
ATGAAAGAGCACAAAT.1	1
ATGAGGGAGATGCTAA.1	3
ATGGGAGCAAGTGTCT.1	5
ATGGTTGGTAGGCTCC.1	5
ATTCCCGTCTGTTGGA.1	5
ATTCTACAGGCATCAG.1	2
ATTCTACGTCGGCTAC.1	2
ATTGGGTAGAGCCATG.1	7
ATTTACCGTGAGCTCC.1	4
ATTTCACCAGGTACGA.1	1
ATTTCACGTAGACGTG.1	3
ATTTCACGTCGTTGGC.1	1
CAAAGAACAGTAACGG.1	6
CAAAGAATCCTGCTAC.1	1
CAAAGAATCTCCAATT.1	3
CAACAGTAGATAGCAT.1	1
CAACGATAGCACAAAT.1	1
CAAGACTAGTCGAAAT.1	7
CAAGCTAGTGTATCCA.1	6
CAAGGGATCTGTCGCT.1	1
CAATACGAGTCCCAAT.1	2
CAATTTCTCACCGCTT.1	3
CACAGATGTGGCTGCT.1	2
CACATGATCTCAATCT.1	2
CACGAATTCCAGCACG.1	6
CACGGGTCAGTAGGAC.1	4
CACGTTCCATTCGATG.1	2
CACTAAGCAAGCTCTA.1	7
CACTAAGTCTATCGCC.1	1
CACTGAAGTAATCAAG.1	2
CACTGAATCGACTCCT.1	2
CACTGTCTCAATCAGC.1	1
CAGAGCCGTAATGCGG.1	2
CAGCAGCAGATCCCGC.1	4
CAGCAGCCAACTAGAA.1	2
CAGCAGCTCCTACTGC.1	4
CAGGCCATCAAGAATG.1	2
CAGGTATCAGTTTCAG.1	6
CAGGTATTCGGCTGTG.1	3
CAGTGCGTCATGAAAG.1	3
CATACCCGTATGTGTC.1	1
CATACCCTCAACGTGT.1	4
CATAGACCAGAACGCA.1	5
CATAGACGTACAAACA.1	2
CATAGACGTATGGTAA.1	5
CATCGGGCAGGAATCG.1	2
CATGAGTAGTTCCGGC.1	5
CATGCTCAGATACAGT.1	2
CATGGATGTGCGGATA.1	2
CATGGTAAGGAGAATG.1	3
CATTCCGAGCGACTAG.1	5
CATTCCGCACTTTATC.1	4
CATTGAGTCCGATAGT.1	1
CATTTCAGTCACTGAT.1	2
CATTTCAGTTTGACAC.1	3
CATTTCATCTGTGCAA.1	1
CCAAGCGAGGTTGGAC.1	3
CCACACTAGAGCACTG.1	3
CCACCATCAACAGTGG.1	4
CCACGTTAGGGTAGCT.1	3
CCATAAGTCGGCATTA.1	3
CCCAACTCACTATCGA.1	5
CCCATTGGTTGCCTAA.1	7
CCCGAAGCAATGGCAG.1	2
CCGAACGCAGTATTCG.1	6
CCGATCTCACTAACCA.1	6
CCGATGGTCTTCCCGA.1	1
CCGCAAGCACAAGCAG.1	4
CCGCAAGTCCTAACAG.1	1
CCGTAGGCACCTGCGA.1	6
CCGTAGGTCTCCGAGG.1	4
CCTAAGACAGGCACTC.1	6
CCTATCGCACAAGCTT.1	3
CCTATCGGTTACCTGA.1	1
CCTCAGTTCCTACCGT.1	5
CCTCCTCCAGTGGTGA.1	2
CCTCCTCCATGTTCAG.1	4
CCTGTTGTCTCGGCTT.1	5
CCTTCAGGTCAACACT.1	5
CCTTCAGGTCAAGCCC.1	4
CCTTGTGCAAATGCGG.1	1
CCTTGTGGTCACGACC.1	3
CCTTTGGTCATGCATG.1	4
CGAAGGACAAAGTATG.1	1
CGAAGTTCAAGCTGCC.1	4
CGATCGGTCGTTACCC.1	1
CGATGGCCAGCGTATT.1	5
CGATGGCTCACTAGCA.1	1
CGCCAGACAGAGTGTG.1	1
CGCCATTAGGGACTGT.1	3
CGCCATTCATGGCGCT.1	4
CGCGTGACATGACAAA.1	2
CGGAACCGTGGCGTAA.1	2
CGGACACAGTATAGAC.1	1
CGGGACTTCAGGAGAC.1	3
CGGGTCAAGGAACGCT.1	3
CGGGTGTAGAAGGATG.1	2
CGGGTGTAGGCACGAT.1	1
CGGGTGTGTTAGAAAC.1	2
CGGGTGTTCTACCCAC.1	2
CGGTCAGAGGTCACCC.1	2
CGGTCAGAGTGGTGGT.1	4
CGTAGTAAGGTCGTGA.1	5
CGTGAATTCACTGAAC.1	2
CGTGATATCAACTGAC.1	2
CTAAGTGGTCCAATCA.1	5
CTAGACACATACCGTA.1	2
CTAGACAGTTGTATGC.1	7
CTAGACATCAGCTGTA.1	4
CTATCCGCATGGGTCC.1	1
CTCAAGACATAAGCGG.1	3
CTCAATTAGGTTGGTG.1	3
CTCATCGGTGTCCGTG.1	2
CTCCAACAGCCGTTGC.1	6
CTCCATGAGAGTGTGC.1	4
CTCCGATCAGCGAACA.1	2
CTCCTCCGTAGGCAAC.1	1
CTCGAGGCAGAGACTG.1	1
CTCTCGAAGAGTCTTC.1	4
CTCTCGAAGTCTAACC.1	2
CTCTGGTAGGACTTCT.1	1
CTGAGGCGTGGTCTGC.1	2
CTGATCCGTGACACAG.1	1
CTGATCCTCAGCTAGT.1	5
CTGCATCGTTTCACAG.1	5
CTGCCATCAACAAAGT.1	5
CTGCCATTCGATCCAA.1	5
CTGCCTAGTAACCCTA.1	6
CTGCTCACACTCCGAG.1	5
CTGCTCATCCCAACTC.1	1
CTGGACGGTAACACGG.1	1
CTGGTCTGTAAGATTG.1	2
CTGTGGGTCTGAGAGG.1	2
CTTACCGCAAGAGGTC.1	4
CTTACCGGTCCGCAGT.1	6
CTTAGGAAGTCATAGA.1	1
CTTCAATAGCGACTGA.1	1
CTTCAATCAGACAATA.1	7
CTTCAATCAGAGTTCT.1	1
CTTCAATTCGTTCCCA.1	2
CTTCAATTCTGCGAGC.1	2
CTTCCGACATGGACAG.1	5
CTTCCTTAGCGCCGTT.1	4
CTTCTCTGTCGAGTTT.1	3
CTTCTCTTCGTAGAGG.1	2
CTTGAGACAGCACAAG.1	4
CTTGATTAGTAGTGCG.1	3
CTTGATTAGTGCGACA.1	6
GAAATGACATGGGAAC.1	2
GAACGTTTCTACCACC.1	4
GAAGCGAGTCGCACAC.1	1
GAAGGACCAATGAAAC.1	2
GAATAGACATCCCACT.1	4
GAATAGATCATTGTGG.1	5
GACAGCCCAGCCGTTG.1	1
GACAGCCTCCGAACGC.1	1
GACAGCCTCGACGACC.1	2
GACCCAGAGAGTCAGC.1	4
GACCCTTTCTAGTACG.1	1
GACCTTCCAATTGAAG.1	2
GACGCTGAGTTGCATC.1	5
GACGCTGCAAAGACTA.1	4
GACGCTGGTGTGAATA.1	5
GACTGATAGTGGGAAA.1	5
GAGAAATTCAGCCTTC.1	1
GAGACCCTCGCGTTTC.1	3
GAGACTTGTGCAGATG.1	3
GAGAGGTGTGGGTTGA.1	3
GAGCCTGTCGATTGAC.1	2
GAGGCAACAATAGAGT.1	2
GAGGCCTCACGTTCGG.1	6
GAGGGTAAGCGACATG.1	1
GAGTTTGCAACCCTAA.1	2
GATAGAAAGACTCGAG.1	1
GATAGAATCCACGGAC.1	3
GATAGAATCGCGTTTC.1	2
GATCACATCGAGAACG.1	1
GATCCCTAGGAACGAA.1	1
GATGTTGAGAAACCAT.1	3
GATGTTGAGTAGACCG.1	6
GATGTTGGTGAGAACC.1	6
GCACATAGTGCAGATG.1	7
GCACGGTCACCCTCTA.1	3
GCACGTGAGCAGGCTA.1	1
GCACGTGTCATGAAAG.1	1
GCACTAATCTCTCGAC.1	5
GCATCTCAGTGTGTTC.1	4
GCCAACGTCTATGTGG.1	1
GCCATGGCACGAAGAC.1	4
GCCATGGTCACACCGG.1	1
GCCCGAATCGCCAGAC.1	6
GCCGATGAGGTACAGC.1	2
GCCGATGTCTCCTACG.1	1
GCCGTGAAGTGAGCCA.1	1
GCCTGTTGTTACGGAG.1	2
GCGTTTCCAGCACACC.1	4
GCGTTTCTCTGAGGCC.1	3
GCTACCTAGAGTGACC.1	2
GCTCAAAGTTTACGAC.1	3
GCTGCAGAGGTCCGAA.1	6
GCTTCACCACAGTCCG.1	2
GCTTGGGAGCTTCTAG.1	1
GCTTGGGCATTCGGGC.1	7
GCTTGGGGTGGGACAT.1	1
GGAATCTGTATCGAAA.1	2
GGAATGGTCCAACACA.1	1
GGAGAACCAGTGACCC.1	3
GGAGATGAGCTAGATA.1	4
GGAGCAAGTACTTGTG.1	2
GGAGGATCAAGAAACT.1	2
GGAGGTATCTTTGCTA.1	7
GGATCTACAAGACGGT.1	4
GGATCTATCCTTATCA.1	3
GGCACGTGTGACTCGC.1	3
GGCAGTCAGGTAAACT.1	1
GGCAGTCAGTAAACGT.1	1
GGCTTGGAGCTAAGTA.1	4
GGGACTCAGGTCCCTG.1	1
GGGACTCAGTGCTACT.1	1
GGGAGATGTACTGTTG.1	6
GGGAGATTCGTGCACG.1	2
GGGAGTACAATGAACA.1	3
GGGATGATCATGCCGG.1	4
GGGCGTTTCAACGTGT.1	1
GGGTATTCAACTCATG.1	1
GGGTGAAGTCAAGCGA.1	2
GGGTGAAGTGGATTTC.1	2
GGGTGTCCAGCTCCTT.1	1
GGGTTATGTTGTGGCC.1	3
GGGTTTAAGTAGAATC.1	1
GGTAACTAGCGGTATG.1	2
GGTAACTAGGGAGTGG.1	5
GGTAACTCAAGATGGC.1	1
GGTAATCCAACTGCCG.1	5
GGTAATCCATAGACTC.1	4
GGTCACGTCGGCTGGT.1	3
GGTGAAGCAGGTGGAT.1	1
GGTGGCTAGCAGGCAT.1	7
GGTGTTAAGGGTGAGG.1	3
GTACAACTCATGCATG.1	3
GTAGAAATCCGTTGAA.1	1
GTAGAGGGTCGAGTGA.1	3
GTAGATCAGTCTCTGA.1	7
GTAGCTAAGTCATTGC.1	3
GTAGGTTAGAGGGCGA.1	1
GTAGTACGTTGTTGCA.1	5
GTATTTCCAGGATGAC.1	2
GTCACGGCAGTCAGTT.1	4
GTCACTCCAATGGGTG.1	6
GTCATCCGTTCGGTAT.1	3
GTCATTTTCGTCCATC.1	5
GTCCACTCACTAACCA.1	1
GTCCCATAGCGACAGT.1	5
GTCTCACTCAGCCTTC.1	6
GTCTTTATCCACTGGG.1	4
GTGAGCCCAGAGACTG.1	4
GTGAGGATCCTCTGCA.1	2
GTGAGTTTCTTAGCTT.1	1
GTGCACGGTGTGTCCG.1	3
GTGCAGCCATCTTAGG.1	5
GTGCGTGAGAATTCAG.1	2
GTGCGTGGTAGCGCTC.1	1
GTGCGTGTCTCAAAGC.1	4
GTGCTGGAGGCTTAGG.1	1
GTGGAAGCATAGGTTC.1	5
GTGGAAGTCAGGGATG.1	4
GTGGTTAAGAATTCAG.1	5
GTGGTTAAGGCCTTGC.1	3
GTGGTTACATGATGCT.1	1
GTGTGATGTCTGGTTA.1	5
GTGTGGCTCTCTCGCA.1	1
GTGTTCCCAATCGCGC.1	4
GTTACCCCATCTTCGC.1	3
GTTACGAAGACCACGA.1	7
GTTACGAGTACGAGTG.1	3
GTTAGACCAAGATGTA.1	2
GTTCCGTCATAGGTAA.1	1
GTTCGCTGTGAGTAAT.1	5
GTTGTCCGTTGTGCAT.1	6
GTTGTCCTCGGTGAAG.1	4
GTTTACTCAACTTGCA.1	1
GTTTGGACAGGAGACT.1	2
TAACACGCAGAAGTGC.1	4
TAACACGGTACTGAGG.1	3
TAATTCCTCTACTCAT.1	1
TACACCCTCGGTAGGA.1	5
TACAGGTTCGTTCGCT.1	5
TACCTGCAGAGAGAAC.1	2
TACGTCCCAAGCACCC.1	3
TACGTCCTCGTCACCT.1	3
TACTGCCAGATGACCG.1	4
TACTGCCTCAGAACCT.1	1
TACTTACTCAGTCAGT.1	5
TACTTGTTCGCCGATG.1	4
TAGACTGCACTGTCGG.1	1
TAGACTGTCATGCTAG.1	5
TAGAGTCTCCTTATCA.1	1
TAGATCGTCTAAGGAA.1	5
TAGGTACTCGGCTGAC.1	3
TAGGTTGGTGCGAACA.1	4
TATACCTGTTGCTCGG.1	3
TATCAGGGTCTCTCAC.1	1
TATCAGGTCGCATTAG.1	6
TATCCTACACGTATAC.1	7
TATCGCCTCCGTGACG.1	3
TATCGCCTCCTTCTGG.1	2
TATCGCCTCGACGCTG.1	2
TATCTGTAGATCCAAA.1	2
TATCTGTCACACCTTC.1	5
TATCTGTTCTAGCATG.1	5
TATCTTGTCAAGAAAC.1	4
TATTGGGCATGGAAGC.1	1
TCAAGACGTTTGGGAG.1	4
TCAAGTGAGACGCCCT.1	1
TCACATTTCCTTCAGC.1	2
TCACGCTAGCGGGTTA.1	3
TCACGCTCAAGGTCAG.1	6
TCACGGGAGCGTTAGG.1	1
TCACGGGCATCCGCGA.1	5
TCACGGGTCTTGGCTC.1	2
TCACTATGTACACGTT.1	1
TCACTCGAGTCATCGT.1	3
TCACTCGCAGTCCCGA.1	1
TCAGCAACAACTCATG.1	4
TCAGCCTTCTTGCAAG.1	1
TCAGGTAAGTATGATG.1	5
TCAGGTAGTGTCACAT.1	2
TCAGTCCGTAGCGATG.1	1
TCAGTCCGTAGGTTTC.1	5
TCAGTTTAGTTAACAG.1	4
TCATACTTCTAACGGT.1	6
TCATGTTGTATCCCAA.1	7
TCATGTTTCTCATTAC.1	4
TCATTACAGCAGGTCA.1	2
TCATTACAGTCAATCC.1	2
TCATTGTGTGCAGATG.1	3
TCCAGAACATGGTACT.1	2
TCCATGCTCGTGCTCT.1	1
TCCCATGGTTCGGTTA.1	7
TCCGAAAAGCATGCGA.1	1
TCCGAAACAGACCATT.1	2
TCCGATCCAATCTGCA.1	5
TCCGTGTCAATGGGTG.1	2
TCCGTGTTCGACGACC.1	1
TCCTAATTCATCACTT.1	2
TCCTCCCAGCTAATCC.1	4
TCCTCCCCAAACTGCT.1	5
TCCTCTTAGCCAGAGT.1	4
TCCTCTTCAGGTCTCG.1	2
TCCTCTTTCATGCAGT.1	5
TCCTTCTGTAATGCTC.1	3
TCGAACATCGGCTGGT.1	2
TCGAAGTGTCGAGTTT.1	1
TCGACGGCATAGGTAA.1	1
TCGCACTGTACACGTT.1	1
TCGCAGGTCCTCACGT.1	4
TCGGATAAGACAGTCG.1	2
TCGGGCAGTACGATGG.1	1
TCGGTCTTCATCGCTC.1	2
TCGGTCTTCCGAGCTG.1	2
TCGTGCTGTTCGGCTG.1	1
TCTATACGTACAGGTG.1	4
TCTCACGTCTGGTCAA.1	2
TCTCCGATCATGGCCG.1	2
TCTCTGGGTCCGTTTC.1	4
TCTGTCGGTGCCTTTC.1	6
TCTTGCGCACCTTCGT.1	6
TGAATGCTCTTACGGA.1	4
TGACAGTTCGGAATTC.1	3
TGACCCTAGTCGCCAC.1	6
TGACGCGTCCGGACTG.1	1
TGACTCCAGCGCTTCG.1	1
TGACTCCAGGCCACCT.1	2
TGAGCGCGTCGATTAC.1	5
TGAGGAGAGGACCCAA.1	7
TGAGGGATCTCATTGT.1	4
TGAGGTTGTTGAGGAC.1	1
TGATCAGGTCTTGCGG.1	1
TGATCTTGTGTGTGTT.1	4
TGATGCAAGCGCCTCA.1	1
TGATGGTAGCGTGCCT.1	1
TGATGGTCACAGACGA.1	3
TGATTCTAGTTCCGTA.1	5
TGCACGGTCGTTCAGA.1	2
TGCAGGCTCTGTGTGA.1	1
TGCAGTACAACCGTAT.1	6
TGCCGAGAGGGAACAA.1	6
TGCGATAGTGACTAAA.1	7
TGCGGCAAGTCCCGAC.1	4
TGCGGCATCTTTGGAG.1	1
TGCTCCAAGCACTAGG.1	2
TGCTCCAAGGTTGAGC.1	1
TGCTCCACACCGCTAG.1	4
TGCTCGTTCGTTCATT.1	3
TGCTGAACAAATTAGG.1	2
TGCTTGCGTCCACAGC.1	2
TGCTTGCTCCATGAGT.1	3
TGGAACTAGGGACAGG.1	3
TGGAACTGTGGCTGAA.1	5
TGGATCAGTATGGAGC.1	4
TGGATGTCATCGTCCT.1	1
TGGCGTGAGAGTTGTA.1	4
TGGCGTGGTCGCCTAG.1	2
TGGGAGAAGGTAGTAT.1	1
TGGTTAGTCATACAGC.1	4
TGTAAGCTCGAACCTA.1	4
TGTAGACCACCGTCGA.1	3
TGTCCACAGGCCTAGA.1	4
TGTCCACAGGTTCCAT.1	3
TGTGGCGAGGTCCCTG.1	2
TGTGGCGGTTTACCAG.1	2
TGTTCCGCAGCTATTG.1	1
TGTTCCGGTTGAGAGC.1	5
TGTTCTAAGTGGATAT.1	4
TGTTGAGTCTCAAAGC.1	4
TTAATCCAGGCAATGC.1	2
TTACAGGTCCGATGCG.1	4
TTACCATCACCTTCGT.1	4
TTACCATCATGTACGT.1	2
TTACCGCGTCAAGTTC.1	2
TTACGTTTCGGTTGTA.1	6
TTACTGTAGACATGCG.1	4
TTAGGGTAGTGAATAC.1	5
TTATTGCTCATGAGAA.1	1
TTCCAATGTACGATCT.1	6
TTCCACGAGTACTCGT.1	3
TTCCGGTAGTCACTGT.1	3
TTCCGGTCATGAAGCG.1	4
TTCCGTGAGTCCTGCG.1	2
TTCCGTGTCGCAGAGA.1	1
TTCCTAAAGCACTCCG.1	2
TTCGATTAGCCTAGGA.1	3
TTCGCTGCAACTAGAA.1	4
TTCGGTCGTCTTAGTG.1	4
TTCTAACAGGAACGAA.1	4
TTCTAACGTTGAAGTA.1	4
TTCTAGTGTAATTGGA.1	5
TTCTCTCGTACCCGCA.1	2
TTCTTCCAGTATTGCC.1	4
TTCTTGACATGATCTG.1	2
TTGACCCAGCTTGTGT.1	6
TTGACCCTCGCTGTTC.1	1
TTGCCTGTCATGAGTC.1	4
TTGCGTCCATGTTACG.1	2
TTGCGTCGTATCAGGG.1	3
TTGCTGCCAGCAGAAC.1	1
TTGCTGCTCTGGGCCA.1	1
TTGGATGGTCATCACA.1	4
TTGGGTACATCAGCTA.1	3
TTGGGTAGTACGACAG.1	2
TTGTTGTTCGCAACAT.1	5
TTTACGTTCAACTTTC.1	5
TTTCACAAGCCTGGAA.1	1
TTTCAGTGTGCATTTG.1	4
TTTGATCCAGGTCAGA.1	2
TTTGGAGCAACAGATA.1	2
TTTGGAGCAACCCTCT.1	4
TTTGGAGGTTCACCGG.1	3
TTTGGAGTCTAAGGAA.1	2
